"id(h)","type(r)","id(t)"
"817","COURSE_FRAME_BASIC","1024"
"828","COURSE_FRAME_BASIC","1024"
"816","COURSE_FRAME_BASIC","1024"
"818","COURSE_FRAME_BASIC","1024"
"823","COURSE_FRAME_BASIC","1024"
"824","COURSE_FRAME_BASIC","1024"
"822","COURSE_FRAME_BASIC","1024"
"830","COURSE_FRAME_BASIC","1024"
"829","COURSE_FRAME_ADVANCE","1024"
"819","COURSE_FRAME_ADVANCE","1024"
"826","COURSE_FRAME_ADVANCE","1024"
"825","COURSE_FRAME_ADVANCE","1024"
"611","COURSE_FRAME_ADVANCE","1024"
"821","COURSE_FRAME_ADVANCE","1024"
"827","COURSE_FRAME_ADVANCE","1024"
"820","COURSE_FRAME_ADVANCE","1024"
"824","COURSE_FRAME_ADVANCE","1024"
"232","COURSE_FRAME_ADVANCE","1024"
"1023","CAREER_FRAME_BASIC","1024"
"989","CAREER_FRAME_ADVANCE","1024"
"1013","CAREER_FRAME_ADVANCE","1024"
"805","COURSE_FRAME_BASIC","1025"
"793","COURSE_FRAME_BASIC","1025"
"152","COURSE_FRAME_BASIC","1025"
"764","COURSE_FRAME_BASIC","1025"
"828","COURSE_FRAME_BASIC","1025"
"813","COURSE_FRAME_BASIC","1025"
"235","COURSE_FRAME_BASIC","1025"
"227","COURSE_FRAME_BASIC","1025"
"796","COURSE_FRAME_BASIC","1025"
"769","COURSE_FRAME_BASIC","1025"
"799","COURSE_FRAME_BASIC","1025"
"775","COURSE_FRAME_BASIC","1025"
"442","COURSE_FRAME_BASIC","1025"
"762","COURSE_FRAME_BASIC","1025"
"405","COURSE_FRAME_BASIC","1025"
"768","COURSE_FRAME_ADVANCE","1025"
"13","COURSE_FRAME_ADVANCE","1025"
"621","COURSE_FRAME_ADVANCE","1025"
"772","COURSE_FRAME_ADVANCE","1025"
"778","COURSE_FRAME_ADVANCE","1025"
"234","COURSE_FRAME_ADVANCE","1025"
"232","COURSE_FRAME_ADVANCE","1025"
"628","COURSE_FRAME_ADVANCE","1025"
"614","COURSE_FRAME_ADVANCE","1025"
"764","COURSE_FRAME_ADVANCE","1025"
"612","COURSE_FRAME_ADVANCE","1025"
"608","COURSE_FRAME_ADVANCE","1025"
"770","COURSE_FRAME_ADVANCE","1025"
"767","COURSE_FRAME_ADVANCE","1025"
"157","COURSE_FRAME_ADVANCE","1025"
"617","COURSE_FRAME_ADVANCE","1025"
"765","COURSE_FRAME_ADVANCE","1025"
"613","COURSE_FRAME_ADVANCE","1025"
"623","COURSE_FRAME_ADVANCE","1025"
"609","COURSE_FRAME_ADVANCE","1025"
"660","COURSE_FRAME_ADVANCE","1025"
"773","COURSE_FRAME_ADVANCE","1025"
"761","COURSE_FRAME_ADVANCE","1025"
"15","COURSE_FRAME_ADVANCE","1025"
"771","COURSE_FRAME_ADVANCE","1025"
"763","COURSE_FRAME_ADVANCE","1025"
"766","COURSE_FRAME_ADVANCE","1025"
"774","COURSE_FRAME_ADVANCE","1025"
"762","COURSE_FRAME_ADVANCE","1025"
"678","COURSE_FRAME_ADVANCE","1025"
"240","COURSE_FRAME_ADVANCE","1025"
"1022","CAREER_FRAME_BASIC","1025"
"629","COURSE_FRAME_BASIC","1026"
"635","COURSE_FRAME_BASIC","1026"
"636","COURSE_FRAME_ADVANCE","1026"
"637","COURSE_FRAME_ADVANCE","1026"
"132","COURSE_FRAME_ADVANCE","1026"
"638","COURSE_FRAME_ADVANCE","1026"
"639","COURSE_FRAME_ADVANCE","1026"
"121","COURSE_FRAME_BASIC","1027"
"121","COURSE_FRAME_ADVANCE","1027"
"116","COURSE_FRAME_ADVANCE","1027"
"631","COURSE_FRAME_ADVANCE","1027"
"991","CAREER_FRAME_ADVANCE","1027"
"993","CAREER_FRAME_ADVANCE","1027"
"634","COURSE_FRAME_ADVANCE","1028"
"636","COURSE_FRAME_ADVANCE","1028"
"504","COURSE_FRAME_BASIC","1029"
"503","COURSE_FRAME_BASIC","1029"
"506","COURSE_FRAME_BASIC","1029"
"640","COURSE_FRAME_BASIC","1029"
"644","COURSE_FRAME_ADVANCE","1029"
"648","COURSE_FRAME_ADVANCE","1029"
"643","COURSE_FRAME_ADVANCE","1029"
"117","COURSE_FRAME_ADVANCE","1029"
"519","COURSE_FRAME_ADVANCE","1029"
"649","COURSE_FRAME_ADVANCE","1029"
"641","COURSE_FRAME_ADVANCE","1029"
"509","COURSE_FRAME_ADVANCE","1029"
"652","COURSE_FRAME_ADVANCE","1029"
"630","COURSE_FRAME_ADVANCE","1029"
"646","COURSE_FRAME_ADVANCE","1029"
"647","COURSE_FRAME_ADVANCE","1029"
"640","COURSE_FRAME_ADVANCE","1029"
"645","COURSE_FRAME_ADVANCE","1029"
"651","COURSE_FRAME_ADVANCE","1029"
"517","COURSE_FRAME_ADVANCE","1029"
"512","COURSE_FRAME_ADVANCE","1029"
"515","COURSE_FRAME_ADVANCE","1029"
"513","COURSE_FRAME_ADVANCE","1029"
"133","COURSE_FRAME_ADVANCE","1029"
"650","COURSE_FRAME_ADVANCE","1029"
"520","COURSE_FRAME_ADVANCE","1029"
"506","COURSE_FRAME_ADVANCE","1029"
"504","COURSE_FRAME_ADVANCE","1029"
"991","CAREER_FRAME_ADVANCE","1029"
"993","CAREER_FRAME_ADVANCE","1029"
"121","COURSE_FRAME_BASIC","1030"
"629","COURSE_FRAME_BASIC","1030"
"635","COURSE_FRAME_BASIC","1030"
"27","COURSE_FRAME_ADVANCE","1030"
"28","COURSE_FRAME_ADVANCE","1030"
"642","COURSE_FRAME_ADVANCE","1030"
"993","CAREER_FRAME_ADVANCE","1030"
"121","COURSE_FRAME_BASIC","1031"
"26","COURSE_FRAME_BASIC","1031"
"794","COURSE_FRAME_BASIC","1031"
"71","COURSE_FRAME_BASIC","1031"
"642","COURSE_FRAME_ADVANCE","1031"
"28","COURSE_FRAME_ADVANCE","1031"
"121","COURSE_FRAME_ADVANCE","1031"
"29","COURSE_FRAME_ADVANCE","1031"
"144","COURSE_FRAME_BASIC","1032"
"701","COURSE_FRAME_BASIC","1032"
"835","COURSE_FRAME_BASIC","1032"
"614","COURSE_FRAME_BASIC","1032"
"708","COURSE_FRAME_BASIC","1032"
"703","COURSE_FRAME_BASIC","1032"
"616","COURSE_FRAME_BASIC","1032"
"615","COURSE_FRAME_BASIC","1032"
"697","COURSE_FRAME_ADVANCE","1032"
"705","COURSE_FRAME_ADVANCE","1032"
"698","COURSE_FRAME_ADVANCE","1032"
"661","COURSE_FRAME_ADVANCE","1032"
"659","COURSE_FRAME_ADVANCE","1032"
"707","COURSE_FRAME_ADVANCE","1032"
"706","COURSE_FRAME_ADVANCE","1032"
"702","COURSE_FRAME_ADVANCE","1032"
"592","COURSE_FRAME_ADVANCE","1032"
"704","COURSE_FRAME_ADVANCE","1032"
"699","COURSE_FRAME_ADVANCE","1032"
"1014","CAREER_FRAME_ADVANCE","1032"
"1000","CAREER_FRAME_ADVANCE","1032"
"988","CAREER_FRAME_ADVANCE","1032"
"845","COURSE_FRAME_BASIC","1033"
"131","COURSE_FRAME_BASIC","1033"
"135","COURSE_FRAME_BASIC","1033"
"804","COURSE_FRAME_BASIC","1033"
"233","COURSE_FRAME_ADVANCE","1033"
"669","COURSE_FRAME_ADVANCE","1033"
"230","COURSE_FRAME_ADVANCE","1033"
"668","COURSE_FRAME_ADVANCE","1033"
"1019","CAREER_FRAME_ADVANCE","1033"
"721","COURSE_FRAME_BASIC","1034"
"802","COURSE_FRAME_BASIC","1034"
"768","COURSE_FRAME_BASIC","1034"
"765","COURSE_FRAME_BASIC","1034"
"769","COURSE_FRAME_BASIC","1034"
"767","COURSE_FRAME_BASIC","1034"
"846","COURSE_FRAME_BASIC","1034"
"671","COURSE_FRAME_BASIC","1034"
"766","COURSE_FRAME_BASIC","1034"
"621","COURSE_FRAME_ADVANCE","1034"
"682","COURSE_FRAME_ADVANCE","1034"
"676","COURSE_FRAME_ADVANCE","1034"
"678","COURSE_FRAME_ADVANCE","1034"
"679","COURSE_FRAME_ADVANCE","1034"
"609","COURSE_FRAME_ADVANCE","1034"
"675","COURSE_FRAME_ADVANCE","1034"
"673","COURSE_FRAME_ADVANCE","1034"
"674","COURSE_FRAME_ADVANCE","1034"
"778","COURSE_FRAME_ADVANCE","1034"
"607","COURSE_FRAME_ADVANCE","1034"
"672","COURSE_FRAME_ADVANCE","1034"
"677","COURSE_FRAME_ADVANCE","1034"
"680","COURSE_FRAME_ADVANCE","1034"
"766","COURSE_FRAME_ADVANCE","1034"
"1018","CAREER_FRAME_ADVANCE","1034"
"1014","CAREER_FRAME_ADVANCE","1034"
"1021","CAREER_FRAME_ADVANCE","1034"
"619","COURSE_FRAME_BASIC","1035"
"687","COURSE_FRAME_BASIC","1035"
"693","COURSE_FRAME_BASIC","1035"
"692","COURSE_FRAME_BASIC","1035"
"686","COURSE_FRAME_BASIC","1035"
"695","COURSE_FRAME_BASIC","1035"
"689","COURSE_FRAME_BASIC","1035"
"606","COURSE_FRAME_ADVANCE","1035"
"688","COURSE_FRAME_ADVANCE","1035"
"703","COURSE_FRAME_ADVANCE","1036"
"847","COURSE_FRAME_BASIC","1037"
"845","COURSE_FRAME_BASIC","1037"
"843","COURSE_FRAME_BASIC","1037"
"844","COURSE_FRAME_ADVANCE","1037"
"715","COURSE_FRAME_ADVANCE","1037"
"846","COURSE_FRAME_ADVANCE","1037"
"727","COURSE_FRAME_BASIC","1038"
"729","COURSE_FRAME_BASIC","1038"
"730","COURSE_FRAME_ADVANCE","1038"
"735","COURSE_FRAME_BASIC","1039"
"734","COURSE_FRAME_BASIC","1039"
"739","COURSE_FRAME_ADVANCE","1039"
"743","COURSE_FRAME_ADVANCE","1039"
"740","COURSE_FRAME_ADVANCE","1039"
"243","COURSE_FRAME_BASIC","1040"
"734","COURSE_FRAME_BASIC","1040"
"744","COURSE_FRAME_BASIC","1040"
"743","COURSE_FRAME_BASIC","1040"
"738","COURSE_FRAME_BASIC","1040"
"739","COURSE_FRAME_ADVANCE","1040"
"738","COURSE_FRAME_ADVANCE","1040"
"741","COURSE_FRAME_ADVANCE","1040"
"756","COURSE_FRAME_BASIC","1041"
"758","COURSE_FRAME_BASIC","1041"
"754","COURSE_FRAME_BASIC","1041"
"755","COURSE_FRAME_BASIC","1041"
"757","COURSE_FRAME_BASIC","1041"
"747","COURSE_FRAME_BASIC","1041"
"750","COURSE_FRAME_ADVANCE","1041"
"749","COURSE_FRAME_ADVANCE","1041"
"752","COURSE_FRAME_ADVANCE","1041"
"751","COURSE_FRAME_ADVANCE","1041"
"753","COURSE_FRAME_ADVANCE","1041"
"759","COURSE_FRAME_ADVANCE","1041"
"760","COURSE_FRAME_ADVANCE","1041"
"748","COURSE_FRAME_ADVANCE","1041"
"1012","CAREER_FRAME_ADVANCE","1041"
"1017","CAREER_FRAME_ADVANCE","1041"
"1005","CAREER_FRAME_ADVANCE","1041"
"806","COURSE_FRAME_ADVANCE","1042"
"790","COURSE_FRAME_ADVANCE","1042"
"830","COURSE_FRAME_BASIC","1043"
"824","COURSE_FRAME_BASIC","1043"
"834","COURSE_FRAME_BASIC","1043"
"828","COURSE_FRAME_BASIC","1043"
"144","COURSE_FRAME_BASIC","1043"
"831","COURSE_FRAME_BASIC","1043"
"835","COURSE_FRAME_BASIC","1043"
"836","COURSE_FRAME_BASIC","1043"
"837","COURSE_FRAME_BASIC","1043"
"809","COURSE_FRAME_BASIC","1043"
"838","COURSE_FRAME_BASIC","1043"
"833","COURSE_FRAME_BASIC","1043"
"820","COURSE_FRAME_BASIC","1043"
"820","COURSE_FRAME_ADVANCE","1043"
"839","COURSE_FRAME_ADVANCE","1043"
"832","COURSE_FRAME_ADVANCE","1043"
"824","COURSE_FRAME_ADVANCE","1043"
"821","COURSE_FRAME_ADVANCE","1043"
"854","COURSE_FRAME_BASIC","1044"
"848","COURSE_FRAME_BASIC","1044"
"855","COURSE_FRAME_BASIC","1044"
"694","COURSE_FRAME_BASIC","1044"
"849","COURSE_FRAME_BASIC","1044"
"853","COURSE_FRAME_BASIC","1044"
"857","COURSE_FRAME_BASIC","1044"
"858","COURSE_FRAME_BASIC","1044"
"856","COURSE_FRAME_ADVANCE","1044"
"850","COURSE_FRAME_ADVANCE","1044"
"852","COURSE_FRAME_ADVANCE","1044"
"851","COURSE_FRAME_ADVANCE","1044"
"861","COURSE_FRAME_ADVANCE","1045"
"144","COURSE_FRAME_BASIC","1046"
"152","COURSE_FRAME_BASIC","1046"
"618","COURSE_FRAME_BASIC","1046"
"615","COURSE_FRAME_BASIC","1046"
"692","COURSE_FRAME_BASIC","1046"
"711","COURSE_FRAME_BASIC","1046"
"690","COURSE_FRAME_BASIC","1046"
"608","COURSE_FRAME_ADVANCE","1046"
"13","COURSE_FRAME_ADVANCE","1046"
"1023","CAREER_FRAME_BASIC","1046"
"1013","CAREER_FRAME_ADVANCE","1046"
"27","COURSE_FRAME_ADVANCE","1047"
"28","COURSE_FRAME_ADVANCE","1047"
"28","COURSE_FRAME_ADVANCE","1048"
"993","CAREER_FRAME_ADVANCE","1048"
"94","COURSE_FRAME_BASIC","1049"
"29","COURSE_FRAME_ADVANCE","1049"
"993","CAREER_FRAME_ADVANCE","1049"
"130","COURSE_FRAME_ADVANCE","1050"
"97","COURSE_FRAME_ADVANCE","1050"
"42","COURSE_FRAME_BASIC","1051"
"34","COURSE_FRAME_BASIC","1051"
"131","COURSE_FRAME_ADVANCE","1051"
"157","COURSE_FRAME_ADVANCE","1052"
"1000","CAREER_FRAME_ADVANCE","1052"
"442","COURSE_FRAME_BASIC","1053"
"183","COURSE_FRAME_BASIC","1053"
"195","COURSE_FRAME_BASIC","1053"
"706","COURSE_FRAME_BASIC","1053"
"592","COURSE_FRAME_ADVANCE","1053"
"193","COURSE_FRAME_ADVANCE","1053"
"183","COURSE_FRAME_ADVANCE","1053"
"192","COURSE_FRAME_ADVANCE","1053"
"989","CAREER_FRAME_BASIC","1053"
"1013","CAREER_FRAME_ADVANCE","1053"
"1023","CAREER_FRAME_ADVANCE","1053"
"988","CAREER_FRAME_ADVANCE","1053"
"1012","CAREER_FRAME_ADVANCE","1053"
"1017","CAREER_FRAME_ADVANCE","1053"
"214","COURSE_FRAME_BASIC","1054"
"218","COURSE_FRAME_BASIC","1054"
"213","COURSE_FRAME_BASIC","1054"
"594","COURSE_FRAME_BASIC","1054"
"221","COURSE_FRAME_ADVANCE","1054"
"219","COURSE_FRAME_ADVANCE","1054"
"1013","CAREER_FRAME_BASIC","1054"
"1023","CAREER_FRAME_BASIC","1054"
"1018","CAREER_FRAME_BASIC","1054"
"1017","CAREER_FRAME_ADVANCE","1054"
"1012","CAREER_FRAME_ADVANCE","1054"
"988","CAREER_FRAME_ADVANCE","1054"
"1008","CAREER_FRAME_ADVANCE","1054"
"989","CAREER_FRAME_ADVANCE","1054"
"1014","CAREER_FRAME_ADVANCE","1054"
"724","COURSE_FRAME_ADVANCE","1055"
"299","COURSE_FRAME_ADVANCE","1056"
"293","COURSE_FRAME_ADVANCE","1056"
"303","COURSE_FRAME_ADVANCE","1057"
"308","COURSE_FRAME_ADVANCE","1057"
"305","COURSE_FRAME_ADVANCE","1057"
"307","COURSE_FRAME_ADVANCE","1057"
"302","COURSE_FRAME_ADVANCE","1057"
"354","COURSE_FRAME_ADVANCE","1058"
"355","COURSE_FRAME_ADVANCE","1058"
"458","COURSE_FRAME_ADVANCE","1059"
"1020","CAREER_FRAME_ADVANCE","1059"
"606","COURSE_FRAME_ADVANCE","1060"
"571","COURSE_FRAME_ADVANCE","1060"
"574","COURSE_FRAME_ADVANCE","1060"
"1017","CAREER_FRAME_ADVANCE","1060"
"1005","CAREER_FRAME_ADVANCE","1060"
"615","COURSE_FRAME_BASIC","1061"
"626","COURSE_FRAME_BASIC","1062"
"805","COURSE_FRAME_BASIC","1062"
"657","COURSE_FRAME_BASIC","1063"
"696","COURSE_FRAME_BASIC","1064"
"700","COURSE_FRAME_BASIC","1065"
"809","COURSE_FRAME_BASIC","1065"
"1000","CAREER_FRAME_ADVANCE","1065"
"1005","CAREER_FRAME_ADVANCE","1065"
"738","COURSE_FRAME_BASIC","1066"
"742","COURSE_FRAME_BASIC","1067"
"787","COURSE_FRAME_BASIC","1068"
"841","COURSE_FRAME_BASIC","1069"
"843","COURSE_FRAME_BASIC","1070"
"703","COURSE_FRAME_BASIC","1070"
"94","COURSE_FRAME_BASIC","1071"
"31","COURSE_FRAME_BASIC","1071"
"993","CAREER_FRAME_ADVANCE","1071"
"144","COURSE_FRAME_BASIC","1072"
"207","COURSE_FRAME_BASIC","1073"
"1014","CAREER_FRAME_ADVANCE","1073"
"310","COURSE_FRAME_BASIC","1074"
"404","COURSE_FRAME_BASIC","1075"
"404","COURSE_FRAME_BASIC","1076"
"1019","CAREER_FRAME_BASIC","1077"
"1014","CAREER_FRAME_ADVANCE","1077"
"1000","CAREER_FRAME_ADVANCE","1077"
"1023","CAREER_FRAME_ADVANCE","1077"
"1008","CAREER_FRAME_ADVANCE","1077"
"1017","CAREER_FRAME_ADVANCE","1077"
"1005","CAREER_FRAME_ADVANCE","1077"
"1020","CAREER_FRAME_ADVANCE","1078"
"713","COURSE_LANG_ADVANCE","1122"
"766","COURSE_LANG_ADVANCE","1122"
"157","COURSE_LANG_ADVANCE","1122"
"236","COURSE_LANG_ADVANCE","1122"
"16","COURSE_LANG_ADVANCE","1122"
"611","COURSE_LANG_ADVANCE","1122"
"610","COURSE_LANG_ADVANCE","1122"
"134","COURSE_LANG_ADVANCE","1122"
"15","COURSE_LANG_ADVANCE","1122"
"149","COURSE_LANG_ADVANCE","1122"
"615","COURSE_LANG_ADVANCE","1122"
"17","COURSE_LANG_ADVANCE","1122"
"623","COURSE_LANG_ADVANCE","1122"
"238","COURSE_LANG_ADVANCE","1122"
"662","COURSE_LANG_ADVANCE","1122"
"761","COURSE_LANG_ADVANCE","1122"
"676","COURSE_LANG_ADVANCE","1122"
"625","COURSE_LANG_ADVANCE","1122"
"624","COURSE_LANG_ADVANCE","1122"
"232","COURSE_LANG_ADVANCE","1122"
"613","COURSE_LANG_ADVANCE","1122"
"150","COURSE_LANG_ADVANCE","1122"
"614","COURSE_LANG_ADVANCE","1122"
"291","COURSE_LANG_ADVANCE","1122"
"135","COURSE_LANG_ADVANCE","1122"
"153","COURSE_LANG_ADVANCE","1122"
"606","COURSE_LANG_ADVANCE","1122"
"609","COURSE_LANG_ADVANCE","1122"
"628","COURSE_LANG_ADVANCE","1122"
"240","COURSE_LANG_ADVANCE","1122"
"612","COURSE_LANG_ADVANCE","1122"
"608","COURSE_LANG_ADVANCE","1122"
"136","COURSE_LANG_ADVANCE","1122"
"607","COURSE_LANG_ADVANCE","1122"
"600","COURSE_LANG_ADVANCE","1122"
"14","COURSE_LANG_ADVANCE","1122"
"762","COURSE_LANG_ADVANCE","1122"
"158","COURSE_LANG_ADVANCE","1122"
"621","COURSE_LANG_ADVANCE","1122"
"674","COURSE_LANG_ADVANCE","1122"
"19","COURSE_LANG_ADVANCE","1122"
"777","COURSE_LANG_ADVANCE","1122"
"778","COURSE_LANG_ADVANCE","1122"
"154","COURSE_LANG_ADVANCE","1122"
"450","COURSE_LANG_BASIC","1122"
"156","COURSE_LANG_BASIC","1122"
"770","COURSE_LANG_BASIC","1122"
"774","COURSE_LANG_BASIC","1122"
"59","COURSE_LANG_BASIC","1122"
"712","COURSE_LANG_BASIC","1122"
"155","COURSE_LANG_BASIC","1122"
"701","COURSE_LANG_BASIC","1122"
"188","COURSE_LANG_BASIC","1122"
"697","COURSE_LANG_BASIC","1122"
"767","COURSE_LANG_BASIC","1122"
"834","COURSE_LANG_BASIC","1122"
"753","COURSE_LANG_BASIC","1122"
"189","COURSE_LANG_BASIC","1122"
"446","COURSE_LANG_BASIC","1122"
"765","COURSE_LANG_BASIC","1122"
"348","COURSE_LANG_BASIC","1122"
"683","COURSE_LANG_BASIC","1122"
"151","COURSE_LANG_BASIC","1122"
"696","COURSE_LANG_BASIC","1122"
"768","COURSE_LANG_BASIC","1122"
"837","COURSE_LANG_BASIC","1122"
"771","COURSE_LANG_BASIC","1122"
"812","COURSE_LANG_BASIC","1122"
"840","COURSE_LANG_BASIC","1122"
"698","COURSE_LANG_BASIC","1122"
"467","COURSE_LANG_BASIC","1122"
"680","COURSE_LANG_BASIC","1122"
"700","COURSE_LANG_BASIC","1122"
"950","COURSE_LANG_BASIC","1122"
"775","COURSE_LANG_BASIC","1122"
"397","COURSE_LANG_BASIC","1122"
"838","COURSE_LANG_BASIC","1122"
"705","COURSE_LANG_BASIC","1122"
"836","COURSE_LANG_BASIC","1122"
"783","COURSE_LANG_BASIC","1122"
"831","COURSE_LANG_BASIC","1122"
"699","COURSE_LANG_BASIC","1122"
"681","COURSE_LANG_BASIC","1122"
"769","COURSE_LANG_BASIC","1122"
"669","COURSE_LANG_BASIC","1122"
"820","COURSE_LANG_BASIC","1122"
"702","COURSE_LANG_BASIC","1122"
"152","COURSE_LANG_BASIC","1122"
"773","COURSE_LANG_BASIC","1122"
"411","COURSE_LANG_BASIC","1122"
"449","COURSE_LANG_BASIC","1122"
"796","COURSE_LANG_BASIC","1122"
"671","COURSE_LANG_BASIC","1122"
"622","COURSE_LANG_BASIC","1122"
"858","COURSE_LANG_BASIC","1122"
"828","COURSE_LANG_BASIC","1122"
"766","COURSE_LANG_BASIC","1122"
"764","COURSE_LANG_BASIC","1122"
"853","COURSE_LANG_BASIC","1122"
"228","COURSE_LANG_BASIC","1122"
"686","COURSE_LANG_BASIC","1122"
"848","COURSE_LANG_BASIC","1122"
"442","COURSE_LANG_BASIC","1122"
"405","COURSE_LANG_BASIC","1122"
"824","COURSE_LANG_BASIC","1122"
"854","COURSE_LANG_BASIC","1122"
"825","COURSE_LANG_BASIC","1122"
"846","COURSE_LANG_BASIC","1122"
"850","COURSE_LANG_BASIC","1122"
"721","COURSE_LANG_BASIC","1122"
"784","COURSE_LANG_BASIC","1122"
"722","COURSE_LANG_BASIC","1122"
"672","COURSE_LANG_BASIC","1122"
"832","COURSE_LANG_BASIC","1122"
"772","COURSE_LANG_BASIC","1122"
"682","COURSE_LANG_BASIC","1122"
"410","COURSE_LANG_BASIC","1122"
"695","COURSE_LANG_BASIC","1122"
"789","COURSE_LANG_BASIC","1122"
"709","COURSE_LANG_BASIC","1122"
"675","COURSE_LANG_BASIC","1122"
"763","COURSE_LANG_BASIC","1122"
"839","COURSE_LANG_BASIC","1122"
"1000","CAREER_LANG_ADVANCE","1122"
"1011","CAREER_LANG_ADVANCE","1122"
"1005","CAREER_LANG_ADVANCE","1122"
"1020","CAREER_LANG_ADVANCE","1122"
"1014","CAREER_LANG_ADVANCE","1122"
"1021","CAREER_LANG_ADVANCE","1122"
"1008","CAREER_LANG_ADVANCE","1122"
"988","CAREER_LANG_ADVANCE","1122"
"1017","CAREER_LANG_ADVANCE","1122"
"1013","CAREER_LANG_ADVANCE","1122"
"1012","CAREER_LANG_ADVANCE","1122"
"1018","CAREER_LANG_ADVANCE","1122"
"1022","CAREER_LANG_ADVANCE","1122"
"1023","CAREER_LANG_BASIC","1122"
"1002","CAREER_LANG_BASIC","1122"
"157","COURSE_LANG_ADVANCE","1123"
"606","COURSE_LANG_ADVANCE","1123"
"135","COURSE_LANG_ADVANCE","1123"
"621","COURSE_LANG_ADVANCE","1123"
"158","COURSE_LANG_ADVANCE","1123"
"628","COURSE_LANG_ADVANCE","1123"
"608","COURSE_LANG_ADVANCE","1123"
"615","COURSE_LANG_ADVANCE","1123"
"15","COURSE_LANG_ADVANCE","1123"
"150","COURSE_LANG_ADVANCE","1123"
"612","COURSE_LANG_ADVANCE","1123"
"614","COURSE_LANG_ADVANCE","1123"
"613","COURSE_LANG_ADVANCE","1123"
"14","COURSE_LANG_ADVANCE","1123"
"153","COURSE_LANG_ADVANCE","1123"
"236","COURSE_LANG_ADVANCE","1123"
"149","COURSE_LANG_ADVANCE","1123"
"627","COURSE_LANG_ADVANCE","1123"
"607","COURSE_LANG_ADVANCE","1123"
"134","COURSE_LANG_ADVANCE","1123"
"625","COURSE_LANG_ADVANCE","1123"
"610","COURSE_LANG_ADVANCE","1123"
"676","COURSE_LANG_ADVANCE","1123"
"609","COURSE_LANG_ADVANCE","1123"
"611","COURSE_LANG_ADVANCE","1123"
"600","COURSE_LANG_ADVANCE","1123"
"761","COURSE_LANG_ADVANCE","1123"
"766","COURSE_LANG_ADVANCE","1123"
"662","COURSE_LANG_ADVANCE","1123"
"762","COURSE_LANG_ADVANCE","1123"
"617","COURSE_LANG_ADVANCE","1123"
"778","COURSE_LANG_ADVANCE","1123"
"623","COURSE_LANG_ADVANCE","1123"
"674","COURSE_LANG_ADVANCE","1123"
"232","COURSE_LANG_ADVANCE","1123"
"19","COURSE_LANG_ADVANCE","1123"
"17","COURSE_LANG_ADVANCE","1123"
"430","COURSE_LANG_BASIC","1123"
"450","COURSE_LANG_BASIC","1123"
"812","COURSE_LANG_BASIC","1123"
"770","COURSE_LANG_BASIC","1123"
"151","COURSE_LANG_BASIC","1123"
"836","COURSE_LANG_BASIC","1123"
"712","COURSE_LANG_BASIC","1123"
"621","COURSE_LANG_BASIC","1123"
"783","COURSE_LANG_BASIC","1123"
"410","COURSE_LANG_BASIC","1123"
"753","COURSE_LANG_BASIC","1123"
"701","COURSE_LANG_BASIC","1123"
"624","COURSE_LANG_BASIC","1123"
"832","COURSE_LANG_BASIC","1123"
"848","COURSE_LANG_BASIC","1123"
"411","COURSE_LANG_BASIC","1123"
"820","COURSE_LANG_BASIC","1123"
"152","COURSE_LANG_BASIC","1123"
"672","COURSE_LANG_BASIC","1123"
"777","COURSE_LANG_BASIC","1123"
"846","COURSE_LANG_BASIC","1123"
"775","COURSE_LANG_BASIC","1123"
"853","COURSE_LANG_BASIC","1123"
"784","COURSE_LANG_BASIC","1123"
"695","COURSE_LANG_BASIC","1123"
"669","COURSE_LANG_BASIC","1123"
"696","COURSE_LANG_BASIC","1123"
"823","COURSE_LANG_BASIC","1123"
"772","COURSE_LANG_BASIC","1123"
"680","COURSE_LANG_BASIC","1123"
"837","COURSE_LANG_BASIC","1123"
"831","COURSE_LANG_BASIC","1123"
"348","COURSE_LANG_BASIC","1123"
"838","COURSE_LANG_BASIC","1123"
"682","COURSE_LANG_BASIC","1123"
"622","COURSE_LANG_BASIC","1123"
"765","COURSE_LANG_BASIC","1123"
"774","COURSE_LANG_BASIC","1123"
"763","COURSE_LANG_BASIC","1123"
"799","COURSE_LANG_BASIC","1123"
"834","COURSE_LANG_BASIC","1123"
"839","COURSE_LANG_BASIC","1123"
"766","COURSE_LANG_BASIC","1123"
"699","COURSE_LANG_BASIC","1123"
"671","COURSE_LANG_BASIC","1123"
"702","COURSE_LANG_BASIC","1123"
"446","COURSE_LANG_BASIC","1123"
"768","COURSE_LANG_BASIC","1123"
"858","COURSE_LANG_BASIC","1123"
"840","COURSE_LANG_BASIC","1123"
"705","COURSE_LANG_BASIC","1123"
"683","COURSE_LANG_BASIC","1123"
"769","COURSE_LANG_BASIC","1123"
"764","COURSE_LANG_BASIC","1123"
"850","COURSE_LANG_BASIC","1123"
"155","COURSE_LANG_BASIC","1123"
"773","COURSE_LANG_BASIC","1123"
"778","COURSE_LANG_BASIC","1123"
"156","COURSE_LANG_BASIC","1123"
"697","COURSE_LANG_BASIC","1123"
"154","COURSE_LANG_BASIC","1123"
"698","COURSE_LANG_BASIC","1123"
"828","COURSE_LANG_BASIC","1123"
"771","COURSE_LANG_BASIC","1123"
"767","COURSE_LANG_BASIC","1123"
"686","COURSE_LANG_BASIC","1123"
"681","COURSE_LANG_BASIC","1123"
"675","COURSE_LANG_BASIC","1123"
"1014","CAREER_LANG_ADVANCE","1123"
"1018","CAREER_LANG_ADVANCE","1123"
"1005","CAREER_LANG_ADVANCE","1123"
"1021","CAREER_LANG_ADVANCE","1123"
"1000","CAREER_LANG_ADVANCE","1123"
"1020","CAREER_LANG_ADVANCE","1123"
"1012","CAREER_LANG_ADVANCE","1123"
"1013","CAREER_LANG_ADVANCE","1123"
"1022","CAREER_LANG_ADVANCE","1123"
"1002","CAREER_LANG_BASIC","1123"
"1023","CAREER_LANG_BASIC","1123"
"503","COURSE_LANG_ADVANCE","1124"
"734","COURSE_LANG_ADVANCE","1124"
"509","COURSE_LANG_ADVANCE","1124"
"371","COURSE_LANG_ADVANCE","1124"
"632","COURSE_LANG_ADVANCE","1124"
"257","COURSE_LANG_ADVANCE","1124"
"840","COURSE_LANG_ADVANCE","1124"
"794","COURSE_LANG_ADVANCE","1124"
"566","COURSE_LANG_ADVANCE","1124"
"512","COURSE_LANG_ADVANCE","1124"
"647","COURSE_LANG_ADVANCE","1124"
"173","COURSE_LANG_ADVANCE","1124"
"267","COURSE_LANG_ADVANCE","1124"
"71","COURSE_LANG_ADVANCE","1124"
"649","COURSE_LANG_ADVANCE","1124"
"94","COURSE_LANG_ADVANCE","1124"
"370","COURSE_LANG_ADVANCE","1124"
"124","COURSE_LANG_ADVANCE","1124"
"400","COURSE_LANG_ADVANCE","1124"
"518","COURSE_LANG_ADVANCE","1124"
"648","COURSE_LANG_ADVANCE","1124"
"621","COURSE_LANG_ADVANCE","1124"
"638","COURSE_LANG_ADVANCE","1124"
"464","COURSE_LANG_ADVANCE","1124"
"174","COURSE_LANG_ADVANCE","1124"
"401","COURSE_LANG_ADVANCE","1124"
"60","COURSE_LANG_ADVANCE","1124"
"631","COURSE_LANG_ADVANCE","1124"
"83","COURSE_LANG_ADVANCE","1124"
"31","COURSE_LANG_ADVANCE","1124"
"652","COURSE_LANG_ADVANCE","1124"
"472","COURSE_LANG_ADVANCE","1124"
"615","COURSE_LANG_ADVANCE","1124"
"25","COURSE_LANG_ADVANCE","1124"
"373","COURSE_LANG_ADVANCE","1124"
"494","COURSE_LANG_ADVANCE","1124"
"510","COURSE_LANG_ADVANCE","1124"
"795","COURSE_LANG_ADVANCE","1124"
"612","COURSE_LANG_ADVANCE","1124"
"788","COURSE_LANG_ADVANCE","1124"
"629","COURSE_LANG_ADVANCE","1124"
"292","COURSE_LANG_ADVANCE","1124"
"33","COURSE_LANG_ADVANCE","1124"
"639","COURSE_LANG_ADVANCE","1124"
"158","COURSE_LANG_ADVANCE","1124"
"654","COURSE_LANG_ADVANCE","1124"
"618","COURSE_LANG_ADVANCE","1124"
"547","COURSE_LANG_ADVANCE","1124"
"178","COURSE_LANG_ADVANCE","1124"
"62","COURSE_LANG_ADVANCE","1124"
"777","COURSE_LANG_ADVANCE","1124"
"360","COURSE_LANG_ADVANCE","1124"
"633","COURSE_LANG_ADVANCE","1124"
"485","COURSE_LANG_ADVANCE","1124"
"790","COURSE_LANG_ADVANCE","1124"
"785","COURSE_LANG_ADVANCE","1124"
"742","COURSE_LANG_ADVANCE","1124"
"793","COURSE_LANG_ADVANCE","1124"
"115","COURSE_LANG_ADVANCE","1124"
"569","COURSE_LANG_ADVANCE","1124"
"415","COURSE_LANG_ADVANCE","1124"
"779","COURSE_LANG_ADVANCE","1124"
"171","COURSE_LANG_ADVANCE","1124"
"543","COURSE_LANG_ADVANCE","1124"
"735","COURSE_LANG_ADVANCE","1124"
"102","COURSE_LANG_ADVANCE","1124"
"515","COURSE_LANG_ADVANCE","1124"
"861","COURSE_LANG_ADVANCE","1124"
"75","COURSE_LANG_ADVANCE","1124"
"658","COURSE_LANG_ADVANCE","1124"
"271","COURSE_LANG_ADVANCE","1124"
"56","COURSE_LANG_ADVANCE","1124"
"504","COURSE_LANG_ADVANCE","1124"
"642","COURSE_LANG_ADVANCE","1124"
"645","COURSE_LANG_ADVANCE","1124"
"32","COURSE_LANG_ADVANCE","1124"
"179","COURSE_LANG_ADVANCE","1124"
"30","COURSE_LANG_ADVANCE","1124"
"505","COURSE_LANG_ADVANCE","1124"
"20","COURSE_LANG_ADVANCE","1124"
"513","COURSE_LANG_ADVANCE","1124"
"490","COURSE_LANG_ADVANCE","1124"
"57","COURSE_LANG_ADVANCE","1124"
"445","COURSE_LANG_ADVANCE","1124"
"520","COURSE_LANG_ADVANCE","1124"
"366","COURSE_LANG_ADVANCE","1124"
"367","COURSE_LANG_ADVANCE","1124"
"516","COURSE_LANG_ADVANCE","1124"
"249","COURSE_LANG_ADVANCE","1124"
"526","COURSE_LANG_ADVANCE","1124"
"506","COURSE_LANG_ADVANCE","1124"
"641","COURSE_LANG_ADVANCE","1124"
"617","COURSE_LANG_ADVANCE","1124"
"640","COURSE_LANG_ADVANCE","1124"
"630","COURSE_LANG_ADVANCE","1124"
"368","COURSE_LANG_ADVANCE","1124"
"517","COURSE_LANG_ADVANCE","1124"
"182","COURSE_LANG_ADVANCE","1124"
"860","COURSE_LANG_ADVANCE","1124"
"176","COURSE_LANG_ADVANCE","1124"
"800","COURSE_LANG_ADVANCE","1124"
"623","COURSE_LANG_ADVANCE","1124"
"28","COURSE_LANG_ADVANCE","1124"
"549","COURSE_LANG_ADVANCE","1124"
"471","COURSE_LANG_ADVANCE","1124"
"447","COURSE_LANG_ADVANCE","1124"
"628","COURSE_LANG_ADVANCE","1124"
"590","COURSE_LANG_ADVANCE","1124"
"29","COURSE_LANG_ADVANCE","1124"
"27","COURSE_LANG_ADVANCE","1124"
"170","COURSE_LANG_ADVANCE","1124"
"781","COURSE_LANG_ADVANCE","1124"
"514","COURSE_LANG_ADVANCE","1124"
"778","COURSE_LANG_ADVANCE","1124"
"780","COURSE_LANG_ADVANCE","1124"
"643","COURSE_LANG_ADVANCE","1124"
"493","COURSE_LANG_ADVANCE","1124"
"132","COURSE_LANG_ADVANCE","1124"
"546","COURSE_LANG_ADVANCE","1124"
"121","COURSE_LANG_ADVANCE","1124"
"651","COURSE_LANG_ADVANCE","1124"
"655","COURSE_LANG_ADVANCE","1124"
"172","COURSE_LANG_BASIC","1124"
"859","COURSE_LANG_BASIC","1124"
"792","COURSE_LANG_BASIC","1124"
"879","COURSE_LANG_BASIC","1124"
"744","COURSE_LANG_BASIC","1124"
"653","COURSE_LANG_BASIC","1124"
"797","COURSE_LANG_BASIC","1124"
"636","COURSE_LANG_BASIC","1124"
"787","COURSE_LANG_BASIC","1124"
"396","COURSE_LANG_BASIC","1124"
"402","COURSE_LANG_BASIC","1124"
"621","COURSE_LANG_BASIC","1124"
"786","COURSE_LANG_BASIC","1124"
"59","COURSE_LANG_BASIC","1124"
"783","COURSE_LANG_BASIC","1124"
"782","COURSE_LANG_BASIC","1124"
"784","COURSE_LANG_BASIC","1124"
"179","COURSE_LANG_BASIC","1124"
"175","COURSE_LANG_BASIC","1124"
"650","COURSE_LANG_BASIC","1124"
"789","COURSE_LANG_BASIC","1124"
"798","COURSE_LANG_BASIC","1124"
"637","COURSE_LANG_BASIC","1124"
"776","COURSE_LANG_BASIC","1124"
"181","COURSE_LANG_BASIC","1124"
"623","COURSE_LANG_BASIC","1124"
"403","COURSE_LANG_BASIC","1124"
"657","COURSE_LANG_BASIC","1124"
"177","COURSE_LANG_BASIC","1124"
"359","COURSE_LANG_BASIC","1124"
"20","COURSE_LANG_BASIC","1124"
"180","COURSE_LANG_BASIC","1124"
"348","COURSE_LANG_BASIC","1124"
"398","COURSE_LANG_BASIC","1124"
"478","COURSE_LANG_BASIC","1124"
"451","COURSE_LANG_BASIC","1124"
"634","COURSE_LANG_BASIC","1124"
"635","COURSE_LANG_BASIC","1124"
"778","COURSE_LANG_BASIC","1124"
"26","COURSE_LANG_BASIC","1124"
"640","COURSE_LANG_BASIC","1124"
"791","COURSE_LANG_BASIC","1124"
"656","COURSE_LANG_BASIC","1124"
"799","COURSE_LANG_BASIC","1124"
"796","COURSE_LANG_BASIC","1124"
"1023","CAREER_LANG_ADVANCE","1124"
"996","CAREER_LANG_ADVANCE","1124"
"1011","CAREER_LANG_ADVANCE","1124"
"1020","CAREER_LANG_ADVANCE","1124"
"993","CAREER_LANG_ADVANCE","1124"
"1012","CAREER_LANG_ADVANCE","1124"
"1009","CAREER_LANG_ADVANCE","1124"
"988","CAREER_LANG_ADVANCE","1124"
"1005","CAREER_LANG_ADVANCE","1124"
"1015","CAREER_LANG_ADVANCE","1124"
"991","CAREER_LANG_ADVANCE","1124"
"1010","CAREER_LANG_ADVANCE","1124"
"999","CAREER_LANG_ADVANCE","1124"
"998","CAREER_LANG_ADVANCE","1124"
"1014","CAREER_LANG_ADVANCE","1124"
"1017","CAREER_LANG_ADVANCE","1124"
"1013","CAREER_LANG_ADVANCE","1124"
"1007","CAREER_LANG_ADVANCE","1124"
"1019","CAREER_LANG_ADVANCE","1124"
"990","CAREER_LANG_BASIC","1124"
"1002","CAREER_LANG_BASIC","1124"
"14","COURSE_LANG_ADVANCE","1125"
"690","COURSE_LANG_ADVANCE","1125"
"674","COURSE_LANG_ADVANCE","1125"
"720","COURSE_LANG_ADVANCE","1125"
"609","COURSE_LANG_ADVANCE","1125"
"598","COURSE_LANG_ADVANCE","1125"
"238","COURSE_LANG_ADVANCE","1125"
"157","COURSE_LANG_ADVANCE","1125"
"688","COURSE_LANG_ADVANCE","1125"
"843","COURSE_LANG_ADVANCE","1125"
"16","COURSE_LANG_ADVANCE","1125"
"625","COURSE_LANG_ADVANCE","1125"
"592","COURSE_LANG_ADVANCE","1125"
"607","COURSE_LANG_ADVANCE","1125"
"809","COURSE_LANG_ADVANCE","1125"
"606","COURSE_LANG_ADVANCE","1125"
"140","COURSE_LANG_ADVANCE","1125"
"145","COURSE_LANG_ADVANCE","1125"
"847","COURSE_LANG_ADVANCE","1125"
"144","COURSE_LANG_ADVANCE","1125"
"821","COURSE_LANG_ADVANCE","1125"
"851","COURSE_LANG_ADVANCE","1125"
"148","COURSE_LANG_ADVANCE","1125"
"232","COURSE_LANG_ADVANCE","1125"
"692","COURSE_LANG_ADVANCE","1125"
"850","COURSE_LANG_ADVANCE","1125"
"18","COURSE_LANG_ADVANCE","1125"
"138","COURSE_LANG_ADVANCE","1125"
"620","COURSE_LANG_ADVANCE","1125"
"291","COURSE_LANG_ADVANCE","1125"
"852","COURSE_LANG_ADVANCE","1125"
"158","COURSE_LANG_ADVANCE","1125"
"842","COURSE_LANG_ADVANCE","1125"
"236","COURSE_LANG_ADVANCE","1125"
"146","COURSE_LANG_ADVANCE","1125"
"615","COURSE_LANG_ADVANCE","1125"
"676","COURSE_LANG_ADVANCE","1125"
"142","COURSE_LANG_ADVANCE","1125"
"778","COURSE_LANG_ADVANCE","1125"
"677","COURSE_LANG_ADVANCE","1125"
"766","COURSE_LANG_ADVANCE","1125"
"628","COURSE_LANG_ADVANCE","1125"
"845","COURSE_LANG_ADVANCE","1125"
"621","COURSE_LANG_ADVANCE","1125"
"691","COURSE_LANG_ADVANCE","1125"
"139","COURSE_LANG_ADVANCE","1125"
"54","COURSE_LANG_ADVANCE","1125"
"622","COURSE_LANG_ADVANCE","1125"
"844","COURSE_LANG_ADVANCE","1125"
"614","COURSE_LANG_ADVANCE","1125"
"153","COURSE_LANG_ADVANCE","1125"
"717","COURSE_LANG_ADVANCE","1125"
"267","COURSE_LANG_ADVANCE","1125"
"571","COURSE_LANG_ADVANCE","1125"
"608","COURSE_LANG_ADVANCE","1125"
"623","COURSE_LANG_ADVANCE","1125"
"703","COURSE_LANG_ADVANCE","1125"
"772","COURSE_LANG_BASIC","1125"
"147","COURSE_LANG_BASIC","1125"
"619","COURSE_LANG_BASIC","1125"
"848","COURSE_LANG_BASIC","1125"
"450","COURSE_LANG_BASIC","1125"
"700","COURSE_LANG_BASIC","1125"
"830","COURSE_LANG_BASIC","1125"
"698","COURSE_LANG_BASIC","1125"
"837","COURSE_LANG_BASIC","1125"
"722","COURSE_LANG_BASIC","1125"
"699","COURSE_LANG_BASIC","1125"
"768","COURSE_LANG_BASIC","1125"
"701","COURSE_LANG_BASIC","1125"
"621","COURSE_LANG_BASIC","1125"
"858","COURSE_LANG_BASIC","1125"
"771","COURSE_LANG_BASIC","1125"
"613","COURSE_LANG_BASIC","1125"
"228","COURSE_LANG_BASIC","1125"
"612","COURSE_LANG_BASIC","1125"
"686","COURSE_LANG_BASIC","1125"
"706","COURSE_LANG_BASIC","1125"
"714","COURSE_LANG_BASIC","1125"
"766","COURSE_LANG_BASIC","1125"
"683","COURSE_LANG_BASIC","1125"
"775","COURSE_LANG_BASIC","1125"
"715","COURSE_LANG_BASIC","1125"
"950","COURSE_LANG_BASIC","1125"
"446","COURSE_LANG_BASIC","1125"
"786","COURSE_LANG_BASIC","1125"
"684","COURSE_LANG_BASIC","1125"
"679","COURSE_LANG_BASIC","1125"
"831","COURSE_LANG_BASIC","1125"
"611","COURSE_LANG_BASIC","1125"
"651","COURSE_LANG_BASIC","1125"
"710","COURSE_LANG_BASIC","1125"
"687","COURSE_LANG_BASIC","1125"
"719","COURSE_LANG_BASIC","1125"
"840","COURSE_LANG_BASIC","1125"
"681","COURSE_LANG_BASIC","1125"
"689","COURSE_LANG_BASIC","1125"
"832","COURSE_LANG_BASIC","1125"
"707","COURSE_LANG_BASIC","1125"
"416","COURSE_LANG_BASIC","1125"
"610","COURSE_LANG_BASIC","1125"
"430","COURSE_LANG_BASIC","1125"
"839","COURSE_LANG_BASIC","1125"
"849","COURSE_LANG_BASIC","1125"
"695","COURSE_LANG_BASIC","1125"
"669","COURSE_LANG_BASIC","1125"
"774","COURSE_LANG_BASIC","1125"
"671","COURSE_LANG_BASIC","1125"
"835","COURSE_LANG_BASIC","1125"
"802","COURSE_LANG_BASIC","1125"
"702","COURSE_LANG_BASIC","1125"
"696","COURSE_LANG_BASIC","1125"
"853","COURSE_LANG_BASIC","1125"
"927","COURSE_LANG_BASIC","1125"
"708","COURSE_LANG_BASIC","1125"
"143","COURSE_LANG_BASIC","1125"
"767","COURSE_LANG_BASIC","1125"
"833","COURSE_LANG_BASIC","1125"
"770","COURSE_LANG_BASIC","1125"
"834","COURSE_LANG_BASIC","1125"
"855","COURSE_LANG_BASIC","1125"
"716","COURSE_LANG_BASIC","1125"
"838","COURSE_LANG_BASIC","1125"
"693","COURSE_LANG_BASIC","1125"
"846","COURSE_LANG_BASIC","1125"
"773","COURSE_LANG_BASIC","1125"
"685","COURSE_LANG_BASIC","1125"
"854","COURSE_LANG_BASIC","1125"
"718","COURSE_LANG_BASIC","1125"
"705","COURSE_LANG_BASIC","1125"
"820","COURSE_LANG_BASIC","1125"
"697","COURSE_LANG_BASIC","1125"
"709","COURSE_LANG_BASIC","1125"
"682","COURSE_LANG_BASIC","1125"
"836","COURSE_LANG_BASIC","1125"
"723","COURSE_LANG_BASIC","1125"
"769","COURSE_LANG_BASIC","1125"
"141","COURSE_LANG_BASIC","1125"
"680","COURSE_LANG_BASIC","1125"
"1021","CAREER_LANG_ADVANCE","1125"
"1014","CAREER_LANG_ADVANCE","1125"
"1013","CAREER_LANG_ADVANCE","1125"
"1016","CAREER_LANG_ADVANCE","1125"
"1022","CAREER_LANG_ADVANCE","1125"
"1020","CAREER_LANG_ADVANCE","1125"
"1005","CAREER_LANG_ADVANCE","1125"
"1017","CAREER_LANG_ADVANCE","1125"
"1023","CAREER_LANG_ADVANCE","1125"
"1008","CAREER_LANG_ADVANCE","1125"
"1002","CAREER_LANG_ADVANCE","1125"
"1009","CAREER_LANG_ADVANCE","1125"
"1012","CAREER_LANG_ADVANCE","1125"
"1010","CAREER_LANG_ADVANCE","1125"
"1011","CAREER_LANG_ADVANCE","1125"
"1000","CAREER_LANG_ADVANCE","1125"
"988","CAREER_LANG_ADVANCE","1125"
"996","CAREER_LANG_ADVANCE","1125"
"1019","CAREER_LANG_BASIC","1125"
"63","COURSE_LANG_ADVANCE","1126"
"197","COURSE_LANG_ADVANCE","1126"
"192","COURSE_LANG_ADVANCE","1126"
"616","COURSE_LANG_ADVANCE","1126"
"456","COURSE_LANG_ADVANCE","1126"
"193","COURSE_LANG_ADVANCE","1126"
"195","COURSE_LANG_ADVANCE","1126"
"35","COURSE_LANG_ADVANCE","1126"
"183","COURSE_LANG_ADVANCE","1126"
"86","COURSE_LANG_ADVANCE","1126"
"617","COURSE_LANG_ADVANCE","1126"
"739","COURSE_LANG_ADVANCE","1126"
"38","COURSE_LANG_ADVANCE","1126"
"457","COURSE_LANG_ADVANCE","1126"
"591","COURSE_LANG_ADVANCE","1126"
"61","COURSE_LANG_ADVANCE","1126"
"64","COURSE_LANG_ADVANCE","1126"
"645","COURSE_LANG_ADVANCE","1126"
"499","COURSE_LANG_ADVANCE","1126"
"130","COURSE_LANG_ADVANCE","1126"
"209","COURSE_LANG_ADVANCE","1126"
"190","COURSE_LANG_ADVANCE","1126"
"292","COURSE_LANG_ADVANCE","1126"
"82","COURSE_LANG_ADVANCE","1126"
"97","COURSE_LANG_ADVANCE","1126"
"592","COURSE_LANG_ADVANCE","1126"
"65","COURSE_LANG_ADVANCE","1126"
"194","COURSE_LANG_ADVANCE","1126"
"186","COURSE_LANG_BASIC","1126"
"743","COURSE_LANG_BASIC","1126"
"34","COURSE_LANG_BASIC","1126"
"41","COURSE_LANG_BASIC","1126"
"940","COURSE_LANG_BASIC","1126"
"40","COURSE_LANG_BASIC","1126"
"43","COURSE_LANG_BASIC","1126"
"196","COURSE_LANG_BASIC","1126"
"39","COURSE_LANG_BASIC","1126"
"348","COURSE_LANG_BASIC","1126"
"183","COURSE_LANG_BASIC","1126"
"187","COURSE_LANG_BASIC","1126"
"191","COURSE_LANG_BASIC","1126"
"185","COURSE_LANG_BASIC","1126"
"442","COURSE_LANG_BASIC","1126"
"188","COURSE_LANG_BASIC","1126"
"184","COURSE_LANG_BASIC","1126"
"746","COURSE_LANG_BASIC","1126"
"42","COURSE_LANG_BASIC","1126"
"944","COURSE_LANG_BASIC","1126"
"36","COURSE_LANG_BASIC","1126"
"706","COURSE_LANG_BASIC","1126"
"37","COURSE_LANG_BASIC","1126"
"737","COURSE_LANG_BASIC","1126"
"189","COURSE_LANG_BASIC","1126"
"1002","CAREER_LANG_ADVANCE","1126"
"1005","CAREER_LANG_ADVANCE","1126"
"988","CAREER_LANG_ADVANCE","1126"
"989","CAREER_LANG_ADVANCE","1126"
"1013","CAREER_LANG_ADVANCE","1126"
"1010","CAREER_LANG_ADVANCE","1126"
"993","CAREER_LANG_ADVANCE","1126"
"1008","CAREER_LANG_ADVANCE","1126"
"1020","CAREER_LANG_ADVANCE","1126"
"1017","CAREER_LANG_ADVANCE","1126"
"996","CAREER_LANG_ADVANCE","1126"
"1014","CAREER_LANG_ADVANCE","1126"
"1012","CAREER_LANG_ADVANCE","1126"
"1009","CAREER_LANG_ADVANCE","1126"
"1016","CAREER_LANG_ADVANCE","1126"
"1011","CAREER_LANG_ADVANCE","1126"
"999","CAREER_LANG_BASIC","1126"
"1015","CAREER_LANG_BASIC","1126"
"228","COURSE_LANG_ADVANCE","1127"
"158","COURSE_LANG_ADVANCE","1127"
"238","COURSE_LANG_ADVANCE","1127"
"231","COURSE_LANG_ADVANCE","1127"
"229","COURSE_LANG_ADVANCE","1127"
"230","COURSE_LANG_ADVANCE","1127"
"232","COURSE_LANG_ADVANCE","1127"
"397","COURSE_LANG_ADVANCE","1127"
"237","COURSE_LANG_ADVANCE","1127"
"623","COURSE_LANG_ADVANCE","1127"
"821","COURSE_LANG_ADVANCE","1127"
"345","COURSE_LANG_ADVANCE","1127"
"227","COURSE_LANG_ADVANCE","1127"
"236","COURSE_LANG_ADVANCE","1127"
"819","COURSE_LANG_ADVANCE","1127"
"234","COURSE_LANG_ADVANCE","1127"
"818","COURSE_LANG_ADVANCE","1127"
"609","COURSE_LANG_ADVANCE","1127"
"240","COURSE_LANG_ADVANCE","1127"
"235","COURSE_LANG_ADVANCE","1127"
"618","COURSE_LANG_ADVANCE","1127"
"405","COURSE_LANG_ADVANCE","1127"
"820","COURSE_LANG_ADVANCE","1127"
"233","COURSE_LANG_ADVANCE","1127"
"241","COURSE_LANG_ADVANCE","1127"
"827","COURSE_LANG_BASIC","1127"
"611","COURSE_LANG_BASIC","1127"
"613","COURSE_LANG_BASIC","1127"
"231","COURSE_LANG_BASIC","1127"
"239","COURSE_LANG_BASIC","1127"
"839","COURSE_LANG_BASIC","1127"
"820","COURSE_LANG_BASIC","1127"
"624","COURSE_LANG_BASIC","1127"
"828","COURSE_LANG_BASIC","1127"
"822","COURSE_LANG_BASIC","1127"
"612","COURSE_LANG_BASIC","1127"
"829","COURSE_LANG_BASIC","1127"
"347","COURSE_LANG_BASIC","1127"
"830","COURSE_LANG_BASIC","1127"
"610","COURSE_LANG_BASIC","1127"
"816","COURSE_LANG_BASIC","1127"
"826","COURSE_LANG_BASIC","1127"
"416","COURSE_LANG_BASIC","1127"
"927","COURSE_LANG_BASIC","1127"
"824","COURSE_LANG_BASIC","1127"
"364","COURSE_LANG_BASIC","1127"
"817","COURSE_LANG_BASIC","1127"
"825","COURSE_LANG_BASIC","1127"
"823","COURSE_LANG_BASIC","1127"
"1011","CAREER_LANG_ADVANCE","1127"
"1014","CAREER_LANG_ADVANCE","1127"
"1013","CAREER_LANG_ADVANCE","1127"
"1008","CAREER_LANG_ADVANCE","1127"
"988","CAREER_LANG_ADVANCE","1127"
"1012","CAREER_LANG_ADVANCE","1127"
"996","CAREER_LANG_ADVANCE","1127"
"1017","CAREER_LANG_ADVANCE","1127"
"1010","CAREER_LANG_BASIC","1127"
"1023","CAREER_LANG_BASIC","1127"
"1002","CAREER_LANG_BASIC","1127"
"348","COURSE_LANG_BASIC","1128"
"295","COURSE_LANG_ADVANCE","1128"
"300","COURSE_LANG_ADVANCE","1128"
"299","COURSE_LANG_ADVANCE","1128"
"289","COURSE_LANG_ADVANCE","1128"
"301","COURSE_LANG_ADVANCE","1128"
"292","COURSE_LANG_ADVANCE","1128"
"297","COURSE_LANG_ADVANCE","1128"
"294","COURSE_LANG_ADVANCE","1128"
"288","COURSE_LANG_ADVANCE","1128"
"618","COURSE_LANG_ADVANCE","1128"
"298","COURSE_LANG_ADVANCE","1128"
"296","COURSE_LANG_ADVANCE","1128"
"291","COURSE_LANG_ADVANCE","1128"
"293","COURSE_LANG_ADVANCE","1128"
"290","COURSE_LANG_ADVANCE","1128"
"1015","CAREER_LANG_BASIC","1128"
"1011","CAREER_LANG_ADVANCE","1128"
"1017","CAREER_LANG_ADVANCE","1128"
"996","CAREER_LANG_ADVANCE","1128"
"1013","CAREER_LANG_ADVANCE","1128"
"1012","CAREER_LANG_ADVANCE","1128"
"988","CAREER_LANG_ADVANCE","1128"
"1016","CAREER_LANG_ADVANCE","1128"
"1008","CAREER_LANG_ADVANCE","1128"
"1010","CAREER_LANG_ADVANCE","1128"
"1007","CAREER_LANG_ADVANCE","1128"
"1014","CAREER_LANG_ADVANCE","1128"
"206","COURSE_LANG_ADVANCE","1129"
"208","COURSE_LANG_ADVANCE","1129"
"84","COURSE_LANG_ADVANCE","1129"
"80","COURSE_LANG_ADVANCE","1129"
"47","COURSE_LANG_ADVANCE","1129"
"211","COURSE_LANG_ADVANCE","1129"
"209","COURSE_LANG_ADVANCE","1129"
"406","COURSE_LANG_ADVANCE","1129"
"204","COURSE_LANG_ADVANCE","1129"
"210","COURSE_LANG_ADVANCE","1129"
"644","COURSE_LANG_ADVANCE","1129"
"199","COURSE_LANG_ADVANCE","1129"
"205","COURSE_LANG_ADVANCE","1129"
"202","COURSE_LANG_ADVANCE","1129"
"203","COURSE_LANG_ADVANCE","1129"
"52","COURSE_LANG_BASIC","1129"
"348","COURSE_LANG_BASIC","1129"
"198","COURSE_LANG_BASIC","1129"
"45","COURSE_LANG_BASIC","1129"
"200","COURSE_LANG_BASIC","1129"
"212","COURSE_LANG_BASIC","1129"
"989","CAREER_LANG_ADVANCE","1129"
"1010","CAREER_LANG_ADVANCE","1129"
"1020","CAREER_LANG_ADVANCE","1129"
"993","CAREER_LANG_ADVANCE","1129"
"1017","CAREER_LANG_ADVANCE","1129"
"999","CAREER_LANG_ADVANCE","1129"
"1009","CAREER_LANG_ADVANCE","1129"
"1014","CAREER_LANG_ADVANCE","1129"
"998","CAREER_LANG_ADVANCE","1129"
"1002","CAREER_LANG_ADVANCE","1129"
"1011","CAREER_LANG_ADVANCE","1129"
"1012","CAREER_LANG_ADVANCE","1129"
"1007","CAREER_LANG_ADVANCE","1129"
"1013","CAREER_LANG_ADVANCE","1129"
"1005","CAREER_LANG_ADVANCE","1129"
"996","CAREER_LANG_ADVANCE","1129"
"1016","CAREER_LANG_ADVANCE","1129"
"988","CAREER_LANG_BASIC","1129"
"207","COURSE_LANG_ADVANCE","1130"
"662","COURSE_LANG_ADVANCE","1130"
"217","COURSE_LANG_ADVANCE","1130"
"221","COURSE_LANG_ADVANCE","1130"
"220","COURSE_LANG_ADVANCE","1130"
"218","COURSE_LANG_ADVANCE","1130"
"222","COURSE_LANG_ADVANCE","1130"
"216","COURSE_LANG_ADVANCE","1130"
"669","COURSE_LANG_ADVANCE","1130"
"404","COURSE_LANG_ADVANCE","1130"
"730","COURSE_LANG_ADVANCE","1130"
"215","COURSE_LANG_ADVANCE","1130"
"725","COURSE_LANG_ADVANCE","1130"
"214","COURSE_LANG_ADVANCE","1130"
"728","COURSE_LANG_ADVANCE","1130"
"223","COURSE_LANG_ADVANCE","1130"
"732","COURSE_LANG_ADVANCE","1130"
"729","COURSE_LANG_ADVANCE","1130"
"726","COURSE_LANG_ADVANCE","1130"
"727","COURSE_LANG_ADVANCE","1130"
"733","COURSE_LANG_ADVANCE","1130"
"402","COURSE_LANG_ADVANCE","1130"
"219","COURSE_LANG_ADVANCE","1130"
"667","COURSE_LANG_ADVANCE","1130"
"349","COURSE_LANG_ADVANCE","1130"
"724","COURSE_LANG_ADVANCE","1130"
"664","COURSE_LANG_BASIC","1130"
"731","COURSE_LANG_BASIC","1130"
"663","COURSE_LANG_BASIC","1130"
"670","COURSE_LANG_BASIC","1130"
"594","COURSE_LANG_BASIC","1130"
"668","COURSE_LANG_BASIC","1130"
"665","COURSE_LANG_BASIC","1130"
"213","COURSE_LANG_BASIC","1130"
"666","COURSE_LANG_BASIC","1130"
"225","COURSE_LANG_BASIC","1130"
"224","COURSE_LANG_BASIC","1130"
"226","COURSE_LANG_BASIC","1130"
"215","COURSE_LANG_BASIC","1130"
"660","COURSE_LANG_BASIC","1130"
"1010","CAREER_LANG_ADVANCE","1130"
"1014","CAREER_LANG_ADVANCE","1130"
"1011","CAREER_LANG_ADVANCE","1130"
"1012","CAREER_LANG_ADVANCE","1130"
"1009","CAREER_LANG_ADVANCE","1130"
"996","CAREER_LANG_ADVANCE","1130"
"1005","CAREER_LANG_ADVANCE","1130"
"1002","CAREER_LANG_ADVANCE","1130"
"1017","CAREER_LANG_BASIC","1130"
"1013","CAREER_LANG_BASIC","1130"
"999","CAREER_LANG_BASIC","1130"
"738","COURSE_LANG_BASIC","1131"
"278","COURSE_LANG_BASIC","1131"
"285","COURSE_LANG_BASIC","1131"
"275","COURSE_LANG_BASIC","1131"
"742","COURSE_LANG_ADVANCE","1131"
"277","COURSE_LANG_ADVANCE","1131"
"286","COURSE_LANG_ADVANCE","1131"
"284","COURSE_LANG_ADVANCE","1131"
"738","COURSE_LANG_ADVANCE","1131"
"282","COURSE_LANG_ADVANCE","1131"
"274","COURSE_LANG_ADVANCE","1131"
"280","COURSE_LANG_ADVANCE","1131"
"283","COURSE_LANG_ADVANCE","1131"
"287","COURSE_LANG_ADVANCE","1131"
"276","COURSE_LANG_ADVANCE","1131"
"279","COURSE_LANG_ADVANCE","1131"
"734","COURSE_LANG_ADVANCE","1131"
"281","COURSE_LANG_ADVANCE","1131"
"996","CAREER_LANG_ADVANCE","1131"
"988","CAREER_LANG_ADVANCE","1131"
"991","CAREER_LANG_ADVANCE","1131"
"993","CAREER_LANG_ADVANCE","1131"
"1020","CAREER_LANG_ADVANCE","1131"
"328","COURSE_LANG_BASIC","1132"
"810","COURSE_LANG_BASIC","1132"
"809","COURSE_LANG_BASIC","1132"
"813","COURSE_LANG_BASIC","1132"
"332","COURSE_LANG_BASIC","1132"
"801","COURSE_LANG_BASIC","1132"
"802","COURSE_LANG_BASIC","1132"
"804","COURSE_LANG_BASIC","1132"
"814","COURSE_LANG_BASIC","1132"
"803","COURSE_LANG_ADVANCE","1132"
"802","COURSE_LANG_ADVANCE","1132"
"801","COURSE_LANG_ADVANCE","1132"
"812","COURSE_LANG_ADVANCE","1132"
"329","COURSE_LANG_ADVANCE","1132"
"815","COURSE_LANG_ADVANCE","1132"
"811","COURSE_LANG_ADVANCE","1132"
"331","COURSE_LANG_ADVANCE","1132"
"807","COURSE_LANG_ADVANCE","1132"
"333","COURSE_LANG_ADVANCE","1132"
"330","COURSE_LANG_ADVANCE","1132"
"806","COURSE_LANG_ADVANCE","1132"
"808","COURSE_LANG_ADVANCE","1132"
"805","COURSE_LANG_ADVANCE","1132"
"1002","CAREER_LANG_BASIC","1132"
"1015","CAREER_LANG_BASIC","1132"
"1023","CAREER_LANG_ADVANCE","1132"
"1012","CAREER_LANG_ADVANCE","1132"
"988","CAREER_LANG_ADVANCE","1132"
"996","CAREER_LANG_ADVANCE","1132"
"1016","CAREER_LANG_ADVANCE","1132"
"1017","CAREER_LANG_ADVANCE","1132"
"1009","CAREER_LANG_ADVANCE","1132"
"1008","CAREER_LANG_ADVANCE","1132"
"161","COURSE_LANG_ADVANCE","1133"
"541","COURSE_LANG_ADVANCE","1133"
"375","COURSE_LANG_ADVANCE","1133"
"68","COURSE_LANG_ADVANCE","1133"
"160","COURSE_LANG_ADVANCE","1133"
"379","COURSE_LANG_ADVANCE","1133"
"537","COURSE_LANG_ADVANCE","1133"
"24","COURSE_LANG_ADVANCE","1133"
"20","COURSE_LANG_ADVANCE","1133"
"169","COURSE_LANG_ADVANCE","1133"
"22","COURSE_LANG_ADVANCE","1133"
"539","COURSE_LANG_ADVANCE","1133"
"534","COURSE_LANG_ADVANCE","1133"
"544","COURSE_LANG_ADVANCE","1133"
"135","COURSE_LANG_ADVANCE","1133"
"162","COURSE_LANG_ADVANCE","1133"
"166","COURSE_LANG_ADVANCE","1133"
"532","COURSE_LANG_ADVANCE","1133"
"9","COURSE_LANG_ADVANCE","1133"
"165","COURSE_LANG_ADVANCE","1133"
"232","COURSE_LANG_ADVANCE","1133"
"521","COURSE_LANG_ADVANCE","1133"
"531","COURSE_LANG_ADVANCE","1133"
"168","COURSE_LANG_ADVANCE","1133"
"536","COURSE_LANG_ADVANCE","1133"
"159","COURSE_LANG_ADVANCE","1133"
"23","COURSE_LANG_ADVANCE","1133"
"70","COURSE_LANG_ADVANCE","1133"
"56","COURSE_LANG_ADVANCE","1133"
"533","COURSE_LANG_ADVANCE","1133"
"357","COURSE_LANG_ADVANCE","1133"
"167","COURSE_LANG_ADVANCE","1133"
"535","COURSE_LANG_ADVANCE","1133"
"69","COURSE_LANG_ADVANCE","1133"
"363","COURSE_LANG_ADVANCE","1133"
"8","COURSE_LANG_ADVANCE","1133"
"358","COURSE_LANG_ADVANCE","1133"
"444","COURSE_LANG_ADVANCE","1133"
"164","COURSE_LANG_ADVANCE","1133"
"238","COURSE_LANG_ADVANCE","1133"
"237","COURSE_LANG_ADVANCE","1133"
"545","COURSE_LANG_ADVANCE","1133"
"362","COURSE_LANG_ADVANCE","1133"
"251","COURSE_LANG_ADVANCE","1133"
"542","COURSE_LANG_ADVANCE","1133"
"393","COURSE_LANG_ADVANCE","1133"
"67","COURSE_LANG_ADVANCE","1133"
"527","COURSE_LANG_ADVANCE","1133"
"21","COURSE_LANG_ADVANCE","1133"
"176","COURSE_LANG_BASIC","1133"
"229","COURSE_LANG_BASIC","1133"
"9","COURSE_LANG_BASIC","1133"
"162","COURSE_LANG_BASIC","1133"
"10","COURSE_LANG_BASIC","1133"
"11","COURSE_LANG_BASIC","1133"
"8","COURSE_LANG_BASIC","1133"
"279","COURSE_LANG_BASIC","1133"
"59","COURSE_LANG_BASIC","1133"
"227","COURSE_LANG_BASIC","1133"
"367","COURSE_LANG_BASIC","1133"
"365","COURSE_LANG_BASIC","1133"
"387","COURSE_LANG_BASIC","1133"
"280","COURSE_LANG_BASIC","1133"
"12","COURSE_LANG_BASIC","1133"
"243","COURSE_LANG_BASIC","1133"
"616","COURSE_LANG_BASIC","1133"
"376","COURSE_LANG_BASIC","1133"
"390","COURSE_LANG_BASIC","1133"
"236","COURSE_LANG_BASIC","1133"
"359","COURSE_LANG_BASIC","1133"
"163","COURSE_LANG_BASIC","1133"
"234","COURSE_LANG_BASIC","1133"
"235","COURSE_LANG_BASIC","1133"
"483","COURSE_LANG_BASIC","1133"
"484","COURSE_LANG_BASIC","1133"
"295","COURSE_LANG_BASIC","1133"
"476","COURSE_LANG_BASIC","1133"
"540","COURSE_LANG_BASIC","1133"
"460","COURSE_LANG_BASIC","1133"
"538","COURSE_LANG_BASIC","1133"
"361","COURSE_LANG_BASIC","1133"
"475","COURSE_LANG_BASIC","1133"
"7","COURSE_LANG_BASIC","1133"
"480","COURSE_LANG_BASIC","1133"
"988","CAREER_LANG_ADVANCE","1133"
"1013","CAREER_LANG_ADVANCE","1133"
"991","CAREER_LANG_ADVANCE","1133"
"1017","CAREER_LANG_ADVANCE","1133"
"990","CAREER_LANG_ADVANCE","1133"
"993","CAREER_LANG_ADVANCE","1133"
"1001","CAREER_LANG_ADVANCE","1133"
"1020","CAREER_LANG_ADVANCE","1133"
"1023","CAREER_LANG_ADVANCE","1133"
"1014","CAREER_LANG_ADVANCE","1133"
"996","CAREER_LANG_ADVANCE","1133"
"1011","CAREER_LANG_ADVANCE","1133"
"995","CAREER_LANG_ADVANCE","1133"
"1008","CAREER_LANG_BASIC","1133"
"1009","CAREER_LANG_BASIC","1133"
"203","COURSE_LANG_ADVANCE","1134"
"202","COURSE_LANG_ADVANCE","1134"
"206","COURSE_LANG_ADVANCE","1134"
"199","COURSE_LANG_ADVANCE","1134"
"48","COURSE_LANG_ADVANCE","1134"
"564","COURSE_LANG_ADVANCE","1134"
"201","COURSE_LANG_ADVANCE","1134"
"46","COURSE_LANG_ADVANCE","1134"
"208","COURSE_LANG_ADVANCE","1134"
"204","COURSE_LANG_ADVANCE","1134"
"211","COURSE_LANG_ADVANCE","1134"
"570","COURSE_LANG_ADVANCE","1134"
"51","COURSE_LANG_ADVANCE","1134"
"218","COURSE_LANG_ADVANCE","1134"
"50","COURSE_LANG_ADVANCE","1134"
"553","COURSE_LANG_ADVANCE","1134"
"561","COURSE_LANG_ADVANCE","1134"
"209","COURSE_LANG_ADVANCE","1134"
"552","COURSE_LANG_ADVANCE","1134"
"127","COURSE_LANG_ADVANCE","1134"
"214","COURSE_LANG_ADVANCE","1134"
"49","COURSE_LANG_ADVANCE","1134"
"205","COURSE_LANG_ADVANCE","1134"
"55","COURSE_LANG_BASIC","1134"
"593","COURSE_LANG_BASIC","1134"
"59","COURSE_LANG_BASIC","1134"
"198","COURSE_LANG_BASIC","1134"
"406","COURSE_LANG_BASIC","1134"
"200","COURSE_LANG_BASIC","1134"
"212","COURSE_LANG_BASIC","1134"
"44","COURSE_LANG_BASIC","1134"
"1007","CAREER_LANG_ADVANCE","1134"
"996","CAREER_LANG_ADVANCE","1134"
"989","CAREER_LANG_ADVANCE","1134"
"1014","CAREER_LANG_ADVANCE","1134"
"1020","CAREER_LANG_ADVANCE","1134"
"1008","CAREER_LANG_ADVANCE","1134"
"1011","CAREER_LANG_ADVANCE","1134"
"999","CAREER_LANG_ADVANCE","1134"
"998","CAREER_LANG_ADVANCE","1134"
"1002","CAREER_LANG_ADVANCE","1134"
"1010","CAREER_LANG_ADVANCE","1134"
"1013","CAREER_LANG_ADVANCE","1134"
"1012","CAREER_LANG_ADVANCE","1134"
"1009","CAREER_LANG_ADVANCE","1134"
"988","CAREER_LANG_BASIC","1134"
"8","COURSE_LANG_BASIC","1135"
"287","COURSE_LANG_BASIC","1135"
"148","COURSE_LANG_ADVANCE","1135"
"1009","CAREER_LANG_ADVANCE","1135"
"150","COURSE_LANG_BASIC","1136"
"149","COURSE_LANG_ADVANCE","1136"
"724","COURSE_LANG_ADVANCE","1137"
"272","COURSE_LANG_BASIC","1138"
"268","COURSE_LANG_BASIC","1138"
"263","COURSE_LANG_BASIC","1138"
"264","COURSE_LANG_BASIC","1138"
"270","COURSE_LANG_BASIC","1138"
"271","COURSE_LANG_ADVANCE","1138"
"267","COURSE_LANG_ADVANCE","1138"
"269","COURSE_LANG_ADVANCE","1138"
"266","COURSE_LANG_ADVANCE","1138"
"262","COURSE_LANG_ADVANCE","1138"
"265","COURSE_LANG_ADVANCE","1138"
"273","COURSE_LANG_ADVANCE","1138"
"993","CAREER_LANG_ADVANCE","1138"
"326","COURSE_LANG_BASIC","1139"
"313","COURSE_LANG_BASIC","1139"
"320","COURSE_LANG_BASIC","1139"
"327","COURSE_LANG_BASIC","1139"
"314","COURSE_LANG_BASIC","1139"
"325","COURSE_LANG_ADVANCE","1139"
"324","COURSE_LANG_ADVANCE","1139"
"322","COURSE_LANG_ADVANCE","1139"
"315","COURSE_LANG_ADVANCE","1139"
"316","COURSE_LANG_ADVANCE","1139"
"317","COURSE_LANG_ADVANCE","1139"
"318","COURSE_LANG_ADVANCE","1139"
"323","COURSE_LANG_ADVANCE","1139"
"321","COURSE_LANG_ADVANCE","1139"
"319","COURSE_LANG_ADVANCE","1139"
"1015","CAREER_LANG_BASIC","1139"
"998","CAREER_LANG_ADVANCE","1139"
"1020","CAREER_LANG_ADVANCE","1139"
"1007","CAREER_LANG_ADVANCE","1139"
"996","CAREER_LANG_ADVANCE","1139"
"1019","CAREER_LANG_ADVANCE","1139"
"340","COURSE_LANG_BASIC","1140"
"348","COURSE_LANG_BASIC","1140"
"339","COURSE_LANG_BASIC","1140"
"341","COURSE_LANG_BASIC","1140"
"334","COURSE_LANG_BASIC","1140"
"342","COURSE_LANG_BASIC","1140"
"335","COURSE_LANG_ADVANCE","1140"
"346","COURSE_LANG_ADVANCE","1140"
"343","COURSE_LANG_ADVANCE","1140"
"336","COURSE_LANG_ADVANCE","1140"
"344","COURSE_LANG_ADVANCE","1140"
"338","COURSE_LANG_ADVANCE","1140"
"337","COURSE_LANG_ADVANCE","1140"
"345","COURSE_LANG_ADVANCE","1140"
"1007","CAREER_LANG_BASIC","1140"
"1015","CAREER_LANG_ADVANCE","1140"
"996","CAREER_LANG_ADVANCE","1140"
"998","CAREER_LANG_ADVANCE","1140"
"487","COURSE_LANG_ADVANCE","1141"
"421","COURSE_LANG_ADVANCE","1141"
"422","COURSE_LANG_ADVANCE","1141"
"420","COURSE_LANG_ADVANCE","1141"
"418","COURSE_LANG_ADVANCE","1141"
"423","COURSE_LANG_ADVANCE","1141"
"419","COURSE_LANG_ADVANCE","1141"
"995","CAREER_LANG_ADVANCE","1141"
"991","CAREER_LANG_ADVANCE","1141"
"8","COURSE_LANG_BASIC","1142"
"564","COURSE_LANG_ADVANCE","1142"
"422","COURSE_LANG_ADVANCE","1142"
"1009","CAREER_LANG_ADVANCE","1142"
"499","COURSE_LANG_ADVANCE","1143"
"575","COURSE_LANG_ADVANCE","1143"
"1002","CAREER_LANG_BASIC","1143"
"1012","CAREER_LANG_ADVANCE","1143"
"1005","CAREER_LANG_ADVANCE","1143"
"429","COURSE_LANG_BASIC","1144"
"403","COURSE_LANG_BASIC","1144"
"596","COURSE_LANG_BASIC","1144"
"595","COURSE_LANG_ADVANCE","1144"
"1013","CAREER_LANG_ADVANCE","1144"
"1012","CAREER_LANG_ADVANCE","1144"
"604","COURSE_LANG_ADVANCE","1145"
"167","COURSE_LANG_BASIC","1146"
"1014","CAREER_LANG_ADVANCE","1146"
"808","COURSE_LANG_BASIC","1147"
"988","CAREER_LANG_ADVANCE","1147"
"383","COURSE_LANG_BASIC","1148"
"402","COURSE_LANG_BASIC","1149"
"482","COURSE_LANG_BASIC","1150"
"1002","CAREER_LANG_ADVANCE","1151"
"1013","CAREER_LANG_ADVANCE","1151"
"988","CAREER_LANG_ADVANCE","1151"
"995","CAREER_LANG_ADVANCE","1152"
"993","CAREER_LANG_ADVANCE","1152"
"1016","CAREER_LANG_ADVANCE","1153"
"996","CAREER_LANG_ADVANCE","1153"
"1012","CAREER_LANG_ADVANCE","1154"
"1005","CAREER_LANG_ADVANCE","1154"
"1012","CAREER_LANG_ADVANCE","1155"
"1013","CAREER_LANG_ADVANCE","1156"
"1018","CAREER_LANG_ADVANCE","1157"
"610","COURSE_TOOL_ADVANCE","1371"
"690","COURSE_TOOL_BASIC","1372"
"778","COURSE_TOOL_BASIC","1372"
"711","COURSE_TOOL_BASIC","1372"
"249","COURSE_TOOL_BASIC","1372"
"689","COURSE_TOOL_BASIC","1372"
"293","COURSE_TOOL_BASIC","1372"
"247","COURSE_TOOL_BASIC","1372"
"243","COURSE_TOOL_BASIC","1372"
"809","COURSE_TOOL_BASIC","1372"
"734","COURSE_TOOL_BASIC","1372"
"722","COURSE_TOOL_BASIC","1372"
"721","COURSE_TOOL_BASIC","1372"
"252","COURSE_TOOL_BASIC","1372"
"706","COURSE_TOOL_BASIC","1372"
"691","COURSE_TOOL_BASIC","1372"
"858","COURSE_TOOL_BASIC","1372"
"626","COURSE_TOOL_BASIC","1372"
"619","COURSE_TOOL_BASIC","1372"
"364","COURSE_TOOL_BASIC","1372"
"248","COURSE_TOOL_BASIC","1372"
"854","COURSE_TOOL_BASIC","1372"
"715","COURSE_TOOL_BASIC","1372"
"723","COURSE_TOOL_ADVANCE","1372"
"607","COURSE_TOOL_ADVANCE","1372"
"246","COURSE_TOOL_ADVANCE","1372"
"620","COURSE_TOOL_ADVANCE","1372"
"242","COURSE_TOOL_ADVANCE","1372"
"701","COURSE_TOOL_ADVANCE","1372"
"608","COURSE_TOOL_ADVANCE","1372"
"718","COURSE_TOOL_ADVANCE","1372"
"250","COURSE_TOOL_ADVANCE","1372"
"720","COURSE_TOOL_ADVANCE","1372"
"778","COURSE_TOOL_ADVANCE","1372"
"614","COURSE_TOOL_ADVANCE","1372"
"619","COURSE_TOOL_ADVANCE","1372"
"157","COURSE_TOOL_ADVANCE","1372"
"574","COURSE_TOOL_ADVANCE","1372"
"988","CAREER_TOOL_BASIC","1372"
"1023","CAREER_TOOL_BASIC","1372"
"1013","CAREER_TOOL_ADVANCE","1372"
"996","CAREER_TOOL_ADVANCE","1372"
"993","CAREER_TOOL_ADVANCE","1372"
"1012","CAREER_TOOL_ADVANCE","1372"
"988","CAREER_TOOL_ADVANCE","1372"
"1002","CAREER_TOOL_ADVANCE","1372"
"812","COURSE_TOOL_BASIC","1373"
"594","COURSE_TOOL_BASIC","1373"
"864","COURSE_TOOL_BASIC","1373"
"623","COURSE_TOOL_BASIC","1373"
"867","COURSE_TOOL_BASIC","1373"
"796","COURSE_TOOL_BASIC","1373"
"309","COURSE_TOOL_BASIC","1373"
"837","COURSE_TOOL_BASIC","1373"
"868","COURSE_TOOL_BASIC","1373"
"818","COURSE_TOOL_BASIC","1373"
"870","COURSE_TOOL_BASIC","1373"
"865","COURSE_TOOL_BASIC","1373"
"16","COURSE_TOOL_BASIC","1373"
"29","COURSE_TOOL_BASIC","1373"
"863","COURSE_TOOL_BASIC","1373"
"13","COURSE_TOOL_BASIC","1373"
"296","COURSE_TOOL_BASIC","1373"
"299","COURSE_TOOL_ADVANCE","1373"
"617","COURSE_TOOL_ADVANCE","1373"
"176","COURSE_TOOL_ADVANCE","1373"
"149","COURSE_TOOL_ADVANCE","1373"
"866","COURSE_TOOL_ADVANCE","1373"
"869","COURSE_TOOL_ADVANCE","1373"
"625","COURSE_TOOL_ADVANCE","1373"
"1002","CAREER_TOOL_BASIC","1373"
"999","CAREER_TOOL_BASIC","1373"
"988","CAREER_TOOL_BASIC","1373"
"1019","CAREER_TOOL_BASIC","1373"
"1009","CAREER_TOOL_BASIC","1373"
"1023","CAREER_TOOL_BASIC","1373"
"1014","CAREER_TOOL_BASIC","1373"
"1017","CAREER_TOOL_BASIC","1373"
"989","CAREER_TOOL_ADVANCE","1373"
"997","CAREER_TOOL_ADVANCE","1373"
"1005","CAREER_TOOL_ADVANCE","1373"
"1000","CAREER_TOOL_ADVANCE","1373"
"1002","CAREER_TOOL_ADVANCE","1373"
"1007","CAREER_TOOL_ADVANCE","1373"
"1014","CAREER_TOOL_ADVANCE","1373"
"490","COURSE_TOOL_BASIC","1374"
"26","COURSE_TOOL_BASIC","1374"
"30","COURSE_TOOL_BASIC","1374"
"368","COURSE_TOOL_BASIC","1374"
"372","COURSE_TOOL_BASIC","1374"
"262","COURSE_TOOL_BASIC","1374"
"29","COURSE_TOOL_BASIC","1374"
"32","COURSE_TOOL_BASIC","1374"
"359","COURSE_TOOL_BASIC","1374"
"56","COURSE_TOOL_ADVANCE","1374"
"102","COURSE_TOOL_ADVANCE","1374"
"108","COURSE_TOOL_ADVANCE","1374"
"617","COURSE_TOOL_ADVANCE","1374"
"20","COURSE_TOOL_ADVANCE","1374"
"72","COURSE_TOOL_ADVANCE","1374"
"753","COURSE_TOOL_BASIC","1375"
"622","COURSE_TOOL_ADVANCE","1375"
"162","COURSE_TOOL_BASIC","1376"
"301","COURSE_TOOL_BASIC","1376"
"379","COURSE_TOOL_BASIC","1376"
"625","COURSE_TOOL_BASIC","1376"
"796","COURSE_TOOL_BASIC","1376"
"444","COURSE_TOOL_BASIC","1376"
"810","COURSE_TOOL_BASIC","1376"
"286","COURSE_TOOL_BASIC","1376"
"788","COURSE_TOOL_BASIC","1376"
"159","COURSE_TOOL_ADVANCE","1376"
"166","COURSE_TOOL_ADVANCE","1376"
"606","COURSE_TOOL_ADVANCE","1376"
"624","COURSE_TOOL_ADVANCE","1376"
"367","COURSE_TOOL_ADVANCE","1376"
"989","CAREER_TOOL_BASIC","1376"
"988","CAREER_TOOL_ADVANCE","1376"
"995","CAREER_TOOL_ADVANCE","1376"
"993","CAREER_TOOL_ADVANCE","1376"
"989","CAREER_TOOL_ADVANCE","1376"
"996","CAREER_TOOL_ADVANCE","1376"
"1013","CAREER_TOOL_ADVANCE","1376"
"243","COURSE_TOOL_BASIC","1377"
"624","COURSE_TOOL_ADVANCE","1377"
"1023","CAREER_TOOL_BASIC","1377"
"1002","CAREER_TOOL_BASIC","1377"
"988","CAREER_TOOL_BASIC","1377"
"988","CAREER_TOOL_ADVANCE","1377"
"624","COURSE_TOOL_BASIC","1378"
"625","COURSE_TOOL_ADVANCE","1378"
"1023","CAREER_TOOL_BASIC","1378"
"627","COURSE_TOOL_ADVANCE","1379"
"175","COURSE_TOOL_BASIC","1380"
"742","COURSE_TOOL_ADVANCE","1380"
"645","COURSE_TOOL_ADVANCE","1380"
"865","COURSE_TOOL_BASIC","1381"
"868","COURSE_TOOL_BASIC","1381"
"867","COURSE_TOOL_BASIC","1381"
"733","COURSE_TOOL_BASIC","1381"
"870","COURSE_TOOL_BASIC","1381"
"645","COURSE_TOOL_ADVANCE","1381"
"652","COURSE_TOOL_ADVANCE","1382"
"659","COURSE_TOOL_ADVANCE","1383"
"377","COURSE_TOOL_BASIC","1384"
"221","COURSE_TOOL_BASIC","1384"
"707","COURSE_TOOL_BASIC","1384"
"828","COURSE_TOOL_BASIC","1384"
"416","COURSE_TOOL_BASIC","1384"
"728","COURSE_TOOL_BASIC","1384"
"404","COURSE_TOOL_BASIC","1384"
"732","COURSE_TOOL_BASIC","1384"
"207","COURSE_TOOL_BASIC","1384"
"822","COURSE_TOOL_BASIC","1384"
"382","COURSE_TOOL_BASIC","1384"
"664","COURSE_TOOL_ADVANCE","1384"
"223","COURSE_TOOL_ADVANCE","1384"
"663","COURSE_TOOL_ADVANCE","1384"
"199","COURSE_TOOL_ADVANCE","1384"
"660","COURSE_TOOL_ADVANCE","1384"
"670","COURSE_TOOL_ADVANCE","1384"
"220","COURSE_TOOL_ADVANCE","1384"
"667","COURSE_TOOL_ADVANCE","1384"
"665","COURSE_TOOL_ADVANCE","1384"
"703","COURSE_TOOL_ADVANCE","1384"
"1014","CAREER_TOOL_ADVANCE","1384"
"1009","CAREER_TOOL_ADVANCE","1384"
"665","COURSE_TOOL_ADVANCE","1385"
"663","COURSE_TOOL_ADVANCE","1385"
"660","COURSE_TOOL_ADVANCE","1385"
"664","COURSE_TOOL_ADVANCE","1385"
"668","COURSE_TOOL_BASIC","1386"
"666","COURSE_TOOL_BASIC","1386"
"467","COURSE_TOOL_BASIC","1386"
"457","COURSE_TOOL_BASIC","1386"
"464","COURSE_TOOL_BASIC","1386"
"461","COURSE_TOOL_BASIC","1386"
"465","COURSE_TOOL_BASIC","1386"
"714","COURSE_TOOL_BASIC","1386"
"661","COURSE_TOOL_BASIC","1386"
"598","COURSE_TOOL_BASIC","1386"
"157","COURSE_TOOL_ADVANCE","1386"
"464","COURSE_TOOL_ADVANCE","1386"
"661","COURSE_TOOL_ADVANCE","1386"
"1020","CAREER_TOOL_BASIC","1386"
"1020","CAREER_TOOL_ADVANCE","1386"
"755","COURSE_TOOL_BASIC","1387"
"754","COURSE_TOOL_BASIC","1387"
"758","COURSE_TOOL_BASIC","1387"
"759","COURSE_TOOL_ADVANCE","1387"
"752","COURSE_TOOL_ADVANCE","1387"
"748","COURSE_TOOL_ADVANCE","1387"
"793","COURSE_TOOL_ADVANCE","1388"
"798","COURSE_TOOL_BASIC","1389"
"705","COURSE_TOOL_BASIC","1389"
"16","COURSE_TOOL_BASIC","1389"
"865","COURSE_TOOL_BASIC","1389"
"437","COURSE_TOOL_BASIC","1389"
"868","COURSE_TOOL_BASIC","1389"
"812","COURSE_TOOL_BASIC","1389"
"439","COURSE_TOOL_BASIC","1389"
"837","COURSE_TOOL_BASIC","1389"
"816","COURSE_TOOL_BASIC","1389"
"440","COURSE_TOOL_BASIC","1389"
"863","COURSE_TOOL_BASIC","1389"
"783","COURSE_TOOL_BASIC","1389"
"434","COURSE_TOOL_BASIC","1389"
"818","COURSE_TOOL_BASIC","1389"
"309","COURSE_TOOL_BASIC","1389"
"501","COURSE_TOOL_BASIC","1389"
"864","COURSE_TOOL_BASIC","1389"
"441","COURSE_TOOL_BASIC","1389"
"436","COURSE_TOOL_BASIC","1389"
"435","COURSE_TOOL_BASIC","1389"
"438","COURSE_TOOL_BASIC","1389"
"813","COURSE_TOOL_BASIC","1389"
"93","COURSE_TOOL_BASIC","1389"
"704","COURSE_TOOL_BASIC","1389"
"867","COURSE_TOOL_BASIC","1389"
"870","COURSE_TOOL_BASIC","1389"
"729","COURSE_TOOL_BASIC","1389"
"862","COURSE_TOOL_ADVANCE","1389"
"869","COURSE_TOOL_ADVANCE","1389"
"30","COURSE_TOOL_ADVANCE","1389"
"125","COURSE_TOOL_ADVANCE","1389"
"13","COURSE_TOOL_ADVANCE","1389"
"866","COURSE_TOOL_ADVANCE","1389"
"1023","CAREER_TOOL_BASIC","1389"
"1015","CAREER_TOOL_BASIC","1389"
"991","CAREER_TOOL_ADVANCE","1389"
"1005","CAREER_TOOL_ADVANCE","1389"
"1016","CAREER_TOOL_ADVANCE","1389"
"996","CAREER_TOOL_ADVANCE","1389"
"877","COURSE_TOOL_BASIC","1390"
"875","COURSE_TOOL_BASIC","1390"
"307","COURSE_TOOL_BASIC","1390"
"876","COURSE_TOOL_ADVANCE","1390"
"878","COURSE_TOOL_ADVANCE","1390"
"872","COURSE_TOOL_ADVANCE","1390"
"602","COURSE_TOOL_ADVANCE","1390"
"871","COURSE_TOOL_ADVANCE","1390"
"603","COURSE_TOOL_ADVANCE","1390"
"599","COURSE_TOOL_ADVANCE","1390"
"605","COURSE_TOOL_ADVANCE","1390"
"873","COURSE_TOOL_ADVANCE","1390"
"874","COURSE_TOOL_ADVANCE","1390"
"1022","CAREER_TOOL_ADVANCE","1390"
"1021","CAREER_TOOL_ADVANCE","1390"
"886","COURSE_TOOL_BASIC","1391"
"885","COURSE_TOOL_BASIC","1391"
"884","COURSE_TOOL_BASIC","1391"
"883","COURSE_TOOL_ADVANCE","1391"
"887","COURSE_TOOL_ADVANCE","1391"
"897","COURSE_TOOL_BASIC","1392"
"463","COURSE_TOOL_BASIC","1392"
"890","COURSE_TOOL_BASIC","1392"
"891","COURSE_TOOL_BASIC","1392"
"900","COURSE_TOOL_BASIC","1392"
"466","COURSE_TOOL_BASIC","1392"
"896","COURSE_TOOL_BASIC","1392"
"899","COURSE_TOOL_BASIC","1392"
"893","COURSE_TOOL_BASIC","1392"
"894","COURSE_TOOL_BASIC","1392"
"901","COURSE_TOOL_BASIC","1392"
"895","COURSE_TOOL_BASIC","1392"
"889","COURSE_TOOL_BASIC","1392"
"898","COURSE_TOOL_BASIC","1392"
"888","COURSE_TOOL_BASIC","1392"
"902","COURSE_TOOL_ADVANCE","1392"
"892","COURSE_TOOL_ADVANCE","1392"
"463","COURSE_TOOL_ADVANCE","1392"
"597","COURSE_TOOL_ADVANCE","1392"
"598","COURSE_TOOL_ADVANCE","1392"
"460","COURSE_TOOL_ADVANCE","1392"
"462","COURSE_TOOL_ADVANCE","1392"
"1015","CAREER_TOOL_BASIC","1392"
"1023","CAREER_TOOL_BASIC","1392"
"1002","CAREER_TOOL_BASIC","1392"
"1008","CAREER_TOOL_BASIC","1392"
"1020","CAREER_TOOL_ADVANCE","1392"
"993","CAREER_TOOL_ADVANCE","1392"
"991","CAREER_TOOL_ADVANCE","1392"
"1016","CAREER_TOOL_ADVANCE","1392"
"1012","CAREER_TOOL_ADVANCE","1392"
"1007","CAREER_TOOL_ADVANCE","1392"
"1014","CAREER_TOOL_ADVANCE","1392"
"1009","CAREER_TOOL_ADVANCE","1392"
"1008","CAREER_TOOL_ADVANCE","1392"
"988","CAREER_TOOL_ADVANCE","1392"
"907","COURSE_TOOL_BASIC","1393"
"906","COURSE_TOOL_BASIC","1393"
"914","COURSE_TOOL_BASIC","1393"
"904","COURSE_TOOL_BASIC","1393"
"908","COURSE_TOOL_BASIC","1393"
"910","COURSE_TOOL_BASIC","1393"
"903","COURSE_TOOL_BASIC","1393"
"414","COURSE_TOOL_BASIC","1393"
"913","COURSE_TOOL_BASIC","1393"
"916","COURSE_TOOL_BASIC","1393"
"412","COURSE_TOOL_BASIC","1393"
"915","COURSE_TOOL_BASIC","1393"
"912","COURSE_TOOL_BASIC","1393"
"905","COURSE_TOOL_BASIC","1393"
"911","COURSE_TOOL_BASIC","1393"
"726","COURSE_TOOL_BASIC","1393"
"903","COURSE_TOOL_ADVANCE","1393"
"909","COURSE_TOOL_ADVANCE","1393"
"409","COURSE_TOOL_ADVANCE","1393"
"917","COURSE_TOOL_ADVANCE","1393"
"1021","CAREER_TOOL_ADVANCE","1393"
"1022","CAREER_TOOL_ADVANCE","1393"
"936","COURSE_TOOL_BASIC","1394"
"931","COURSE_TOOL_BASIC","1394"
"926","COURSE_TOOL_BASIC","1394"
"939","COURSE_TOOL_BASIC","1394"
"762","COURSE_TOOL_BASIC","1394"
"932","COURSE_TOOL_BASIC","1394"
"933","COURSE_TOOL_BASIC","1394"
"929","COURSE_TOOL_BASIC","1394"
"930","COURSE_TOOL_BASIC","1394"
"927","COURSE_TOOL_BASIC","1394"
"937","COURSE_TOOL_BASIC","1394"
"935","COURSE_TOOL_BASIC","1394"
"934","COURSE_TOOL_ADVANCE","1394"
"232","COURSE_TOOL_ADVANCE","1394"
"938","COURSE_TOOL_ADVANCE","1394"
"928","COURSE_TOOL_ADVANCE","1394"
"431","COURSE_TOOL_ADVANCE","1394"
"609","COURSE_TOOL_ADVANCE","1394"
"433","COURSE_TOOL_ADVANCE","1394"
"432","COURSE_TOOL_ADVANCE","1394"
"1023","CAREER_TOOL_BASIC","1394"
"1023","CAREER_TOOL_ADVANCE","1394"
"940","COURSE_TOOL_BASIC","1395"
"944","COURSE_TOOL_BASIC","1395"
"742","COURSE_TOOL_BASIC","1395"
"865","COURSE_TOOL_BASIC","1395"
"870","COURSE_TOOL_BASIC","1395"
"867","COURSE_TOOL_BASIC","1395"
"941","COURSE_TOOL_BASIC","1395"
"739","COURSE_TOOL_BASIC","1395"
"868","COURSE_TOOL_BASIC","1395"
"943","COURSE_TOOL_ADVANCE","1395"
"942","COURSE_TOOL_ADVANCE","1395"
"946","COURSE_TOOL_BASIC","1396"
"945","COURSE_TOOL_BASIC","1396"
"427","COURSE_TOOL_BASIC","1396"
"947","COURSE_TOOL_BASIC","1396"
"949","COURSE_TOOL_ADVANCE","1396"
"948","COURSE_TOOL_ADVANCE","1396"
"962","COURSE_TOOL_BASIC","1397"
"954","COURSE_TOOL_BASIC","1397"
"956","COURSE_TOOL_BASIC","1397"
"137","COURSE_TOOL_BASIC","1397"
"952","COURSE_TOOL_BASIC","1397"
"958","COURSE_TOOL_BASIC","1397"
"960","COURSE_TOOL_BASIC","1397"
"479","COURSE_TOOL_BASIC","1397"
"961","COURSE_TOOL_BASIC","1397"
"953","COURSE_TOOL_BASIC","1397"
"955","COURSE_TOOL_BASIC","1397"
"959","COURSE_TOOL_BASIC","1397"
"951","COURSE_TOOL_BASIC","1397"
"88","COURSE_TOOL_ADVANCE","1397"
"95","COURSE_TOOL_ADVANCE","1397"
"957","COURSE_TOOL_ADVANCE","1397"
"991","CAREER_TOOL_ADVANCE","1397"
"1017","CAREER_TOOL_ADVANCE","1397"
"993","CAREER_TOOL_ADVANCE","1397"
"1018","CAREER_TOOL_ADVANCE","1397"
"963","COURSE_TOOL_BASIC","1398"
"965","COURSE_TOOL_BASIC","1398"
"966","COURSE_TOOL_BASIC","1398"
"964","COURSE_TOOL_BASIC","1398"
"969","COURSE_TOOL_BASIC","1398"
"972","COURSE_TOOL_BASIC","1398"
"974","COURSE_TOOL_BASIC","1398"
"529","COURSE_TOOL_BASIC","1398"
"968","COURSE_TOOL_BASIC","1398"
"443","COURSE_TOOL_BASIC","1398"
"971","COURSE_TOOL_BASIC","1398"
"967","COURSE_TOOL_ADVANCE","1398"
"963","COURSE_TOOL_ADVANCE","1398"
"973","COURSE_TOOL_ADVANCE","1398"
"92","COURSE_TOOL_ADVANCE","1398"
"971","COURSE_TOOL_ADVANCE","1398"
"970","COURSE_TOOL_ADVANCE","1398"
"521","COURSE_TOOL_ADVANCE","1398"
"365","COURSE_TOOL_ADVANCE","1398"
"990","CAREER_TOOL_BASIC","1398"
"991","CAREER_TOOL_ADVANCE","1398"
"993","CAREER_TOOL_ADVANCE","1398"
"1017","CAREER_TOOL_ADVANCE","1398"
"985","COURSE_TOOL_BASIC","1399"
"1","COURSE_TOOL_BASIC","1399"
"0","COURSE_TOOL_BASIC","1399"
"987","COURSE_TOOL_BASIC","1399"
"984","COURSE_TOOL_BASIC","1399"
"986","COURSE_TOOL_BASIC","1399"
"983","COURSE_TOOL_BASIC","1399"
"981","COURSE_TOOL_BASIC","1399"
"468","COURSE_TOOL_ADVANCE","1399"
"590","COURSE_TOOL_ADVANCE","1399"
"982","COURSE_TOOL_ADVANCE","1399"
"1015","CAREER_TOOL_ADVANCE","1399"
"798","COURSE_TOOL_BASIC","1400"
"626","COURSE_TOOL_BASIC","1400"
"813","COURSE_TOOL_BASIC","1400"
"795","COURSE_TOOL_BASIC","1400"
"796","COURSE_TOOL_BASIC","1400"
"13","COURSE_TOOL_ADVANCE","1400"
"9","COURSE_TOOL_BASIC","1401"
"377","COURSE_TOOL_BASIC","1401"
"8","COURSE_TOOL_BASIC","1401"
"10","COURSE_TOOL_BASIC","1401"
"11","COURSE_TOOL_BASIC","1401"
"12","COURSE_TOOL_BASIC","1401"
"7","COURSE_TOOL_BASIC","1401"
"484","COURSE_TOOL_BASIC","1401"
"167","COURSE_TOOL_BASIC","1401"
"162","COURSE_TOOL_BASIC","1401"
"379","COURSE_TOOL_BASIC","1401"
"538","COURSE_TOOL_BASIC","1401"
"480","COURSE_TOOL_BASIC","1401"
"389","COURSE_TOOL_BASIC","1401"
"8","COURSE_TOOL_ADVANCE","1401"
"536","COURSE_TOOL_ADVANCE","1401"
"24","COURSE_TOOL_ADVANCE","1401"
"358","COURSE_TOOL_ADVANCE","1401"
"216","COURSE_TOOL_ADVANCE","1401"
"989","CAREER_TOOL_BASIC","1401"
"997","CAREER_TOOL_ADVANCE","1401"
"989","CAREER_TOOL_ADVANCE","1401"
"995","CAREER_TOOL_ADVANCE","1401"
"993","CAREER_TOOL_ADVANCE","1401"
"1019","CAREER_TOOL_ADVANCE","1401"
"1012","CAREER_TOOL_ADVANCE","1401"
"1017","CAREER_TOOL_ADVANCE","1401"
"53","COURSE_TOOL_ADVANCE","1402"
"724","COURSE_TOOL_BASIC","1403"
"610","COURSE_TOOL_BASIC","1403"
"89","COURSE_TOOL_ADVANCE","1403"
"355","COURSE_TOOL_ADVANCE","1403"
"66","COURSE_TOOL_ADVANCE","1403"
"1007","CAREER_TOOL_BASIC","1403"
"1014","CAREER_TOOL_ADVANCE","1403"
"1007","CAREER_TOOL_ADVANCE","1403"
"261","COURSE_TOOL_BASIC","1404"
"72","COURSE_TOOL_ADVANCE","1404"
"255","COURSE_TOOL_ADVANCE","1404"
"258","COURSE_TOOL_ADVANCE","1404"
"371","COURSE_TOOL_ADVANCE","1404"
"256","COURSE_TOOL_ADVANCE","1404"
"259","COURSE_TOOL_ADVANCE","1404"
"369","COURSE_TOOL_ADVANCE","1404"
"125","COURSE_TOOL_ADVANCE","1404"
"30","COURSE_TOOL_ADVANCE","1404"
"31","COURSE_TOOL_BASIC","1405"
"26","COURSE_TOOL_BASIC","1405"
"72","COURSE_TOOL_ADVANCE","1405"
"94","COURSE_TOOL_ADVANCE","1405"
"77","COURSE_TOOL_ADVANCE","1406"
"109","COURSE_TOOL_ADVANCE","1406"
"77","COURSE_TOOL_ADVANCE","1407"
"1020","CAREER_TOOL_BASIC","1407"
"1015","CAREER_TOOL_BASIC","1407"
"1017","CAREER_TOOL_BASIC","1407"
"1014","CAREER_TOOL_BASIC","1407"
"1017","CAREER_TOOL_ADVANCE","1407"
"1008","CAREER_TOOL_ADVANCE","1407"
"1015","CAREER_TOOL_ADVANCE","1407"
"90","COURSE_TOOL_ADVANCE","1408"
"101","COURSE_TOOL_ADVANCE","1409"
"275","COURSE_TOOL_BASIC","1410"
"738","COURSE_TOOL_BASIC","1410"
"734","COURSE_TOOL_BASIC","1410"
"735","COURSE_TOOL_BASIC","1410"
"103","COURSE_TOOL_ADVANCE","1410"
"279","COURSE_TOOL_ADVANCE","1410"
"276","COURSE_TOOL_ADVANCE","1410"
"274","COURSE_TOOL_ADVANCE","1410"
"280","COURSE_TOOL_ADVANCE","1410"
"738","COURSE_TOOL_ADVANCE","1410"
"503","COURSE_TOOL_ADVANCE","1410"
"506","COURSE_TOOL_ADVANCE","1410"
"277","COURSE_TOOL_ADVANCE","1410"
"284","COURSE_TOOL_ADVANCE","1410"
"991","CAREER_TOOL_ADVANCE","1410"
"993","CAREER_TOOL_ADVANCE","1410"
"104","COURSE_TOOL_ADVANCE","1411"
"104","COURSE_TOOL_ADVANCE","1412"
"108","COURSE_TOOL_ADVANCE","1413"
"824","COURSE_TOOL_BASIC","1414"
"540","COURSE_TOOL_BASIC","1414"
"185","COURSE_TOOL_BASIC","1414"
"236","COURSE_TOOL_BASIC","1414"
"753","COURSE_TOOL_BASIC","1414"
"347","COURSE_TOOL_BASIC","1414"
"426","COURSE_TOOL_BASIC","1414"
"167","COURSE_TOOL_BASIC","1414"
"489","COURSE_TOOL_BASIC","1414"
"839","COURSE_TOOL_BASIC","1414"
"616","COURSE_TOOL_BASIC","1414"
"234","COURSE_TOOL_BASIC","1414"
"425","COURSE_TOOL_BASIC","1414"
"295","COURSE_TOOL_BASIC","1414"
"227","COURSE_TOOL_BASIC","1414"
"810","COURSE_TOOL_BASIC","1414"
"405","COURSE_TOOL_BASIC","1414"
"162","COURSE_TOOL_BASIC","1414"
"158","COURSE_TOOL_ADVANCE","1414"
"623","COURSE_TOOL_ADVANCE","1414"
"537","COURSE_TOOL_ADVANCE","1414"
"545","COURSE_TOOL_ADVANCE","1414"
"161","COURSE_TOOL_ADVANCE","1414"
"235","COURSE_TOOL_ADVANCE","1414"
"232","COURSE_TOOL_ADVANCE","1414"
"541","COURSE_TOOL_ADVANCE","1414"
"163","COURSE_TOOL_ADVANCE","1414"
"238","COURSE_TOOL_ADVANCE","1414"
"237","COURSE_TOOL_ADVANCE","1414"
"1014","CAREER_TOOL_BASIC","1414"
"989","CAREER_TOOL_BASIC","1414"
"993","CAREER_TOOL_ADVANCE","1414"
"1013","CAREER_TOOL_ADVANCE","1414"
"996","CAREER_TOOL_ADVANCE","1414"
"995","CAREER_TOOL_ADVANCE","1414"
"988","CAREER_TOOL_ADVANCE","1414"
"1017","CAREER_TOOL_ADVANCE","1414"
"989","CAREER_TOOL_ADVANCE","1414"
"481","COURSE_TOOL_BASIC","1415"
"162","COURSE_TOOL_BASIC","1415"
"381","COURSE_TOOL_BASIC","1415"
"167","COURSE_TOOL_BASIC","1415"
"483","COURSE_TOOL_BASIC","1415"
"532","COURSE_TOOL_ADVANCE","1415"
"542","COURSE_TOOL_ADVANCE","1415"
"534","COURSE_TOOL_ADVANCE","1415"
"477","COURSE_TOOL_ADVANCE","1415"
"531","COURSE_TOOL_ADVANCE","1415"
"169","COURSE_TOOL_ADVANCE","1415"
"535","COURSE_TOOL_ADVANCE","1415"
"527","COURSE_TOOL_ADVANCE","1415"
"393","COURSE_TOOL_ADVANCE","1415"
"160","COURSE_TOOL_ADVANCE","1415"
"165","COURSE_TOOL_ADVANCE","1415"
"533","COURSE_TOOL_ADVANCE","1415"
"357","COURSE_TOOL_ADVANCE","1415"
"1013","CAREER_TOOL_ADVANCE","1415"
"997","CAREER_TOOL_ADVANCE","1415"
"1017","CAREER_TOOL_ADVANCE","1415"
"1014","CAREER_TOOL_ADVANCE","1415"
"993","CAREER_TOOL_ADVANCE","1415"
"995","CAREER_TOOL_ADVANCE","1415"
"184","COURSE_TOOL_ADVANCE","1416"
"563","COURSE_TOOL_ADVANCE","1417"
"561","COURSE_TOOL_ADVANCE","1417"
"562","COURSE_TOOL_ADVANCE","1417"
"552","COURSE_TOOL_ADVANCE","1417"
"564","COURSE_TOOL_ADVANCE","1417"
"570","COURSE_TOOL_ADVANCE","1417"
"349","COURSE_TOOL_ADVANCE","1417"
"218","COURSE_TOOL_ADVANCE","1417"
"214","COURSE_TOOL_ADVANCE","1417"
"216","COURSE_TOOL_ADVANCE","1417"
"1002","CAREER_TOOL_ADVANCE","1417"
"222","COURSE_TOOL_ADVANCE","1418"
"244","COURSE_TOOL_BASIC","1419"
"245","COURSE_TOOL_ADVANCE","1419"
"253","COURSE_TOOL_ADVANCE","1420"
"275","COURSE_TOOL_BASIC","1421"
"281","COURSE_TOOL_ADVANCE","1421"
"277","COURSE_TOOL_ADVANCE","1421"
"287","COURSE_TOOL_ADVANCE","1421"
"286","COURSE_TOOL_ADVANCE","1421"
"310","COURSE_TOOL_BASIC","1422"
"728","COURSE_TOOL_BASIC","1422"
"645","COURSE_TOOL_BASIC","1422"
"733","COURSE_TOOL_BASIC","1422"
"304","COURSE_TOOL_ADVANCE","1422"
"308","COURSE_TOOL_ADVANCE","1422"
"312","COURSE_TOOL_ADVANCE","1422"
"311","COURSE_TOOL_ADVANCE","1422"
"303","COURSE_TOOL_ADVANCE","1422"
"305","COURSE_TOOL_ADVANCE","1422"
"306","COURSE_TOOL_ADVANCE","1422"
"309","COURSE_TOOL_ADVANCE","1422"
"330","COURSE_TOOL_ADVANCE","1423"
"356","COURSE_TOOL_ADVANCE","1424"
"361","COURSE_TOOL_BASIC","1425"
"365","COURSE_TOOL_BASIC","1427"
"361","COURSE_TOOL_BASIC","1427"
"362","COURSE_TOOL_ADVANCE","1427"
"991","CAREER_TOOL_BASIC","1427"
"1014","CAREER_TOOL_ADVANCE","1427"
"1013","CAREER_TOOL_ADVANCE","1427"
"991","CAREER_TOOL_ADVANCE","1427"
"391","COURSE_TOOL_BASIC","1428"
"382","COURSE_TOOL_BASIC","1428"
"365","COURSE_TOOL_BASIC","1428"
"389","COURSE_TOOL_BASIC","1428"
"377","COURSE_TOOL_ADVANCE","1428"
"407","COURSE_TOOL_ADVANCE","1429"
"413","COURSE_TOOL_ADVANCE","1430"
"1003","CAREER_TOOL_BASIC","1430"
"577","COURSE_TOOL_BASIC","1431"
"546","COURSE_TOOL_ADVANCE","1431"
"524","COURSE_TOOL_ADVANCE","1431"
"492","COURSE_TOOL_ADVANCE","1431"
"491","COURSE_TOOL_ADVANCE","1431"
"550","COURSE_TOOL_ADVANCE","1431"
"417","COURSE_TOOL_ADVANCE","1431"
"551","COURSE_TOOL_ADVANCE","1431"
"545","COURSE_TOOL_ADVANCE","1431"
"488","COURSE_TOOL_ADVANCE","1431"
"1018","CAREER_TOOL_ADVANCE","1431"
"430","COURSE_TOOL_ADVANCE","1432"
"430","COURSE_TOOL_ADVANCE","1433"
"675","COURSE_TOOL_BASIC","1434"
"430","COURSE_TOOL_ADVANCE","1434"
"448","COURSE_TOOL_ADVANCE","1435"
"464","COURSE_TOOL_ADVANCE","1436"
"459","COURSE_TOOL_ADVANCE","1436"
"458","COURSE_TOOL_ADVANCE","1436"
"1009","CAREER_TOOL_ADVANCE","1436"
"598","COURSE_TOOL_ADVANCE","1437"
"459","COURSE_TOOL_ADVANCE","1437"
"462","COURSE_TOOL_ADVANCE","1437"
"1020","CAREER_TOOL_BASIC","1437"
"1009","CAREER_TOOL_ADVANCE","1437"
"466","COURSE_TOOL_BASIC","1438"
"463","COURSE_TOOL_BASIC","1438"
"460","COURSE_TOOL_ADVANCE","1438"
"463","COURSE_TOOL_ADVANCE","1438"
"477","COURSE_TOOL_ADVANCE","1439"
"486","COURSE_TOOL_ADVANCE","1440"
"1018","CAREER_TOOL_ADVANCE","1440"
"497","COURSE_TOOL_ADVANCE","1441"
"498","COURSE_TOOL_ADVANCE","1441"
"495","COURSE_TOOL_ADVANCE","1441"
"496","COURSE_TOOL_ADVANCE","1441"
"1018","CAREER_TOOL_ADVANCE","1441"
"1019","CAREER_TOOL_ADVANCE","1441"
"523","COURSE_TOOL_ADVANCE","1442"
"961","COURSE_TOOL_ADVANCE","1442"
"545","COURSE_TOOL_ADVANCE","1442"
"953","COURSE_TOOL_ADVANCE","1442"
"522","COURSE_TOOL_ADVANCE","1443"
"548","COURSE_TOOL_ADVANCE","1444"
"452","COURSE_TOOL_BASIC","1445"
"551","COURSE_TOOL_ADVANCE","1445"
"553","COURSE_TOOL_ADVANCE","1446"
"563","COURSE_TOOL_ADVANCE","1446"
"572","COURSE_TOOL_ADVANCE","1447"
"1016","CAREER_TOOL_ADVANCE","1447"
"573","COURSE_TOOL_ADVANCE","1448"
"464","COURSE_TOOL_ADVANCE","1449"
"601","COURSE_TOOL_ADVANCE","1450"
"1022","CAREER_TOOL_BASIC","1450"
"1003","CAREER_TOOL_BASIC","1450"
"1022","CAREER_TOOL_ADVANCE","1450"
"1003","CAREER_TOOL_ADVANCE","1450"
"1021","CAREER_TOOL_ADVANCE","1450"
"601","COURSE_TOOL_ADVANCE","1451"
"1021","CAREER_TOOL_ADVANCE","1451"
"1022","CAREER_TOOL_ADVANCE","1451"
"602","COURSE_TOOL_ADVANCE","1452"
"1022","CAREER_TOOL_BASIC","1452"
"1003","CAREER_TOOL_BASIC","1452"
"1021","CAREER_TOOL_ADVANCE","1452"
"1003","CAREER_TOOL_ADVANCE","1452"
"1022","CAREER_TOOL_ADVANCE","1452"
"647","COURSE_TOOL_BASIC","1453"
"682","COURSE_TOOL_BASIC","1454"
"712","COURSE_TOOL_BASIC","1455"
"879","COURSE_TOOL_BASIC","1456"
"880","COURSE_TOOL_BASIC","1456"
"882","COURSE_TOOL_BASIC","1456"
"828","COURSE_TOOL_BASIC","1456"
"818","COURSE_TOOL_BASIC","1456"
"881","COURSE_TOOL_BASIC","1456"
"712","COURSE_TOOL_BASIC","1456"
"716","COURSE_TOOL_BASIC","1457"
"727","COURSE_TOOL_BASIC","1458"
"727","COURSE_TOOL_BASIC","1459"
"738","COURSE_TOOL_BASIC","1460"
"243","COURSE_TOOL_BASIC","1460"
"735","COURSE_TOOL_BASIC","1460"
"737","COURSE_TOOL_BASIC","1460"
"742","COURSE_TOOL_BASIC","1461"
"1017","CAREER_TOOL_BASIC","1461"
"1019","CAREER_TOOL_BASIC","1461"
"789","COURSE_TOOL_BASIC","1462"
"789","COURSE_TOOL_BASIC","1463"
"1007","CAREER_TOOL_BASIC","1463"
"1007","CAREER_TOOL_ADVANCE","1463"
"1012","CAREER_TOOL_ADVANCE","1463"
"795","COURSE_TOOL_BASIC","1464"
"828","COURSE_TOOL_BASIC","1465"
"919","COURSE_TOOL_BASIC","1466"
"922","COURSE_TOOL_BASIC","1466"
"921","COURSE_TOOL_BASIC","1466"
"918","COURSE_TOOL_BASIC","1466"
"925","COURSE_TOOL_BASIC","1466"
"923","COURSE_TOOL_BASIC","1466"
"924","COURSE_TOOL_BASIC","1466"
"920","COURSE_TOOL_BASIC","1466"
"1007","CAREER_TOOL_BASIC","1466"
"1015","CAREER_TOOL_BASIC","1466"
"1015","CAREER_TOOL_ADVANCE","1466"
"995","CAREER_TOOL_ADVANCE","1466"
"2","COURSE_TOOL_BASIC","1467"
"6","COURSE_TOOL_BASIC","1467"
"4","COURSE_TOOL_BASIC","1467"
"3","COURSE_TOOL_BASIC","1467"
"5","COURSE_TOOL_BASIC","1467"
"58","COURSE_TOOL_BASIC","1468"
"57","COURSE_TOOL_BASIC","1468"
"125","COURSE_TOOL_BASIC","1469"
"30","COURSE_TOOL_BASIC","1469"
"138","COURSE_TOOL_BASIC","1470"
"157","COURSE_TOOL_BASIC","1470"
"1017","CAREER_TOOL_BASIC","1470"
"138","COURSE_TOOL_BASIC","1471"
"145","COURSE_TOOL_BASIC","1472"
"138","COURSE_TOOL_BASIC","1472"
"1000","CAREER_TOOL_ADVANCE","1472"
"184","COURSE_TOOL_BASIC","1473"
"190","COURSE_TOOL_BASIC","1474"
"193","COURSE_TOOL_BASIC","1475"
"243","COURSE_TOOL_BASIC","1476"
"278","COURSE_TOOL_BASIC","1477"
"279","COURSE_TOOL_BASIC","1478"
"993","CAREER_TOOL_ADVANCE","1478"
"279","COURSE_TOOL_BASIC","1479"
"279","COURSE_TOOL_BASIC","1480"
"286","COURSE_TOOL_BASIC","1481"
"352","COURSE_TOOL_BASIC","1482"
"355","COURSE_TOOL_BASIC","1483"
"365","COURSE_TOOL_BASIC","1484"
"377","COURSE_TOOL_BASIC","1485"
"391","COURSE_TOOL_BASIC","1485"
"378","COURSE_TOOL_BASIC","1486"
"381","COURSE_TOOL_BASIC","1487"
"381","COURSE_TOOL_BASIC","1488"
"382","COURSE_TOOL_BASIC","1489"
"384","COURSE_TOOL_BASIC","1490"
"407","COURSE_TOOL_BASIC","1491"
"416","COURSE_TOOL_BASIC","1492"
"426","COURSE_TOOL_BASIC","1493"
"425","COURSE_TOOL_BASIC","1493"
"437","COURSE_TOOL_BASIC","1494"
"1015","CAREER_TOOL_BASIC","1494"
"1009","CAREER_TOOL_ADVANCE","1494"
"996","CAREER_TOOL_ADVANCE","1494"
"1016","CAREER_TOOL_ADVANCE","1494"
"453","COURSE_TOOL_BASIC","1495"
"455","COURSE_TOOL_BASIC","1496"
"479","COURSE_TOOL_BASIC","1496"
"1007","CAREER_TOOL_ADVANCE","1496"
"995","CAREER_TOOL_ADVANCE","1496"
"1008","CAREER_TOOL_ADVANCE","1496"
"1012","CAREER_TOOL_ADVANCE","1496"
"462","COURSE_TOOL_BASIC","1497"
"475","COURSE_TOOL_BASIC","1498"
"476","COURSE_TOOL_BASIC","1499"
"479","COURSE_TOOL_BASIC","1499"
"500","COURSE_TOOL_BASIC","1500"
"500","COURSE_TOOL_BASIC","1501"
"501","COURSE_TOOL_BASIC","1502"
"995","CAREER_TOOL_ADVANCE","1502"
"501","COURSE_TOOL_BASIC","1503"
"502","COURSE_TOOL_BASIC","1504"
"1019","CAREER_TOOL_ADVANCE","1504"
"1013","CAREER_TOOL_ADVANCE","1504"
"1015","CAREER_TOOL_BASIC","1505"
"1017","CAREER_TOOL_BASIC","1505"
"1019","CAREER_TOOL_BASIC","1505"
"988","CAREER_TOOL_ADVANCE","1505"
"1009","CAREER_TOOL_ADVANCE","1505"
"996","CAREER_TOOL_ADVANCE","1505"
"1016","CAREER_TOOL_ADVANCE","1505"
"1007","CAREER_TOOL_ADVANCE","1505"
"1020","CAREER_TOOL_ADVANCE","1505"
"991","CAREER_TOOL_ADVANCE","1506"
"991","CAREER_TOOL_ADVANCE","1507"
"991","CAREER_TOOL_ADVANCE","1508"
"991","CAREER_TOOL_ADVANCE","1509"
"991","CAREER_TOOL_ADVANCE","1510"
"991","CAREER_TOOL_ADVANCE","1511"
"991","CAREER_TOOL_ADVANCE","1512"
"991","CAREER_TOOL_ADVANCE","1513"
"991","CAREER_TOOL_ADVANCE","1514"
"991","CAREER_TOOL_ADVANCE","1515"
"991","CAREER_TOOL_ADVANCE","1516"
"991","CAREER_TOOL_ADVANCE","1517"
"1017","CAREER_TOOL_ADVANCE","1518"
"993","CAREER_TOOL_ADVANCE","1518"
"1019","CAREER_TOOL_BASIC","1519"
"995","CAREER_TOOL_ADVANCE","1519"
"1012","CAREER_TOOL_ADVANCE","1519"
"1017","CAREER_TOOL_BASIC","1520"
"1015","CAREER_TOOL_BASIC","1520"
"996","CAREER_TOOL_ADVANCE","1520"
"1016","CAREER_TOOL_ADVANCE","1520"
"1015","CAREER_TOOL_BASIC","1521"
"1008","CAREER_TOOL_ADVANCE","1521"
"1007","CAREER_TOOL_ADVANCE","1521"
"996","CAREER_TOOL_ADVANCE","1521"
"1010","CAREER_TOOL_ADVANCE","1521"
"1016","CAREER_TOOL_ADVANCE","1521"
"1015","CAREER_TOOL_BASIC","1522"
"996","CAREER_TOOL_ADVANCE","1522"
"1016","CAREER_TOOL_ADVANCE","1523"
"996","CAREER_TOOL_ADVANCE","1523"
"996","CAREER_TOOL_ADVANCE","1524"
"997","CAREER_TOOL_ADVANCE","1525"
"997","CAREER_TOOL_ADVANCE","1526"
"1018","CAREER_TOOL_ADVANCE","1527"
"997","CAREER_TOOL_ADVANCE","1527"
"999","CAREER_TOOL_BASIC","1528"
"998","CAREER_TOOL_ADVANCE","1528"
"998","CAREER_TOOL_BASIC","1529"
"998","CAREER_TOOL_ADVANCE","1529"
"998","CAREER_TOOL_ADVANCE","1530"
"1002","CAREER_TOOL_ADVANCE","1531"
"1002","CAREER_TOOL_ADVANCE","1532"
"1003","CAREER_TOOL_BASIC","1533"
"1003","CAREER_TOOL_ADVANCE","1533"
"1022","CAREER_TOOL_ADVANCE","1533"
"1003","CAREER_TOOL_ADVANCE","1534"
"1003","CAREER_TOOL_ADVANCE","1535"
"1007","CAREER_TOOL_ADVANCE","1536"
"1019","CAREER_TOOL_BASIC","1537"
"1008","CAREER_TOOL_ADVANCE","1537"
"1015","CAREER_TOOL_BASIC","1538"
"1015","CAREER_TOOL_ADVANCE","1538"
"1016","CAREER_TOOL_ADVANCE","1539"
"1016","CAREER_TOOL_ADVANCE","1540"
"1020","CAREER_TOOL_ADVANCE","1540"
"1016","CAREER_TOOL_ADVANCE","1541"
"1018","CAREER_TOOL_ADVANCE","1542"
"1018","CAREER_TOOL_ADVANCE","1543"
"1018","CAREER_TOOL_ADVANCE","1544"
"990","CAREER_TOOL_BASIC","1545"
"1019","CAREER_TOOL_ADVANCE","1545"
"1022","CAREER_TOOL_ADVANCE","1546"
"1021","CAREER_TOOL_ADVANCE","1546"
"1022","CAREER_TOOL_BASIC","1547"
"1022","CAREER_TOOL_ADVANCE","1547"
"1021","CAREER_TOOL_ADVANCE","1547"
"1022","CAREER_TOOL_ADVANCE","1548"
"1021","CAREER_TOOL_ADVANCE","1548"
"1021","CAREER_TOOL_ADVANCE","1549"
"1003","CAREER_TOOL_BASIC","1550"
"1022","CAREER_TOOL_ADVANCE","1550"
"1022","CAREER_TOOL_ADVANCE","1551"
"989","CAREER_TOOL_BASIC","1552"
"999","CAREER_TOOL_BASIC","1553"
"999","CAREER_TOOL_BASIC","1554"
"999","CAREER_TOOL_BASIC","1555"
"999","CAREER_TOOL_BASIC","1556"
"1002","CAREER_TOOL_BASIC","1557"
"1007","CAREER_TOOL_BASIC","1558"
"1014","CAREER_TOOL_BASIC","1559"
"1015","CAREER_TOOL_BASIC","1560"
"1015","CAREER_TOOL_BASIC","1561"
"1015","CAREER_TOOL_BASIC","1562"
"1015","CAREER_TOOL_BASIC","1563"
"1015","CAREER_TOOL_BASIC","1564"
"1015","CAREER_TOOL_BASIC","1565"
"1017","CAREER_TOOL_BASIC","1566"
"1017","CAREER_TOOL_BASIC","1567"
"1017","CAREER_TOOL_BASIC","1568"
"1020","CAREER_TOOL_BASIC","1569"
"1023","CAREER_TOOL_BASIC","1570"
"999","CAREER_TECH","1620"
"643","COURSE_TECH","1647"
"507","COURSE_TECH","1647"
"511","COURSE_TECH","1647"
"503","COURSE_TECH","1647"
"256","COURSE_TECH","1647"
"650","COURSE_TECH","1647"
"107","COURSE_TECH","1647"
"279","COURSE_TECH","1647"
"649","COURSE_TECH","1647"
"113","COURSE_TECH","1647"
"114","COURSE_TECH","1647"
"504","COURSE_TECH","1647"
"262","COURSE_TECH","1647"
"638","COURSE_TECH","1647"
"74","COURSE_TECH","1647"
"360","COURSE_TECH","1647"
"110","COURSE_TECH","1647"
"75","COURSE_TECH","1647"
"108","COURSE_TECH","1647"
"254","COURSE_TECH","1647"
"509","COURSE_TECH","1647"
"122","COURSE_TECH","1647"
"784","COURSE_TECH","1647"
"259","COURSE_TECH","1647"
"118","COURSE_TECH","1647"
"641","COURSE_TECH","1647"
"505","COURSE_TECH","1647"
"359","COURSE_TECH","1647"
"121","COURSE_TECH","1647"
"510","COURSE_TECH","1647"
"508","COURSE_TECH","1647"
"637","COURSE_TECH","1647"
"630","COURSE_TECH","1647"
"651","COURSE_TECH","1647"
"73","COURSE_TECH","1647"
"112","COURSE_TECH","1647"
"257","COURSE_TECH","1647"
"264","COURSE_TECH","1647"
"512","COURSE_TECH","1647"
"111","COURSE_TECH","1647"
"506","COURSE_TECH","1647"
"990","CAREER_TECH","1647"
"993","CAREER_TECH","1647"
"991","CAREER_TECH","1647"
"994","CAREER_TECH","1647"
"1012","CAREER_TECH","1647"
"178","COURSE_TECH","1648"
"653","COURSE_TECH","1648"
"644","COURSE_TECH","1648"
"656","COURSE_TECH","1648"
"113","COURSE_TECH","1648"
"180","COURSE_TECH","1648"
"650","COURSE_TECH","1648"
"123","COURSE_TECH","1648"
"991","CAREER_TECH","1648"
"990","CAREER_TECH","1648"
"1012","CAREER_TECH","1648"
"994","CAREER_TECH","1648"
"416","COURSE_TECH","1649"
"231","COURSE_TECH","1649"
"646","COURSE_TECH","1649"
"179","COURSE_TECH","1649"
"138","COURSE_TECH","1649"
"400","COURSE_TECH","1649"
"406","COURSE_TECH","1649"
"402","COURSE_TECH","1649"
"142","COURSE_TECH","1649"
"145","COURSE_TECH","1649"
"398","COURSE_TECH","1649"
"397","COURSE_TECH","1649"
"401","COURSE_TECH","1649"
"396","COURSE_TECH","1649"
"399","COURSE_TECH","1649"
"1023","CAREER_TECH","1649"
"1002","CAREER_TECH","1649"
"1014","CAREER_TECH","1649"
"988","CAREER_TECH","1649"
"1013","CAREER_TECH","1649"
"1000","CAREER_TECH","1649"
"989","CAREER_TECH","1649"
"1005","CAREER_TECH","1649"
"647","COURSE_TECH","1650"
"653","COURSE_TECH","1650"
"649","COURSE_TECH","1651"
"527","COURSE_TECH","1651"
"957","COURSE_TECH","1651"
"161","COURSE_TECH","1651"
"523","COURSE_TECH","1651"
"970","COURSE_TECH","1651"
"477","COURSE_TECH","1651"
"969","COURSE_TECH","1651"
"961","COURSE_TECH","1651"
"525","COURSE_TECH","1651"
"76","COURSE_TECH","1651"
"951","COURSE_TECH","1651"
"962","COURSE_TECH","1651"
"528","COURSE_TECH","1651"
"958","COURSE_TECH","1651"
"529","COURSE_TECH","1651"
"954","COURSE_TECH","1651"
"956","COURSE_TECH","1651"
"960","COURSE_TECH","1651"
"974","COURSE_TECH","1651"
"953","COURSE_TECH","1651"
"971","COURSE_TECH","1651"
"524","COURSE_TECH","1651"
"955","COURSE_TECH","1651"
"167","COURSE_TECH","1651"
"972","COURSE_TECH","1651"
"489","COURSE_TECH","1651"
"959","COURSE_TECH","1651"
"522","COURSE_TECH","1651"
"952","COURSE_TECH","1651"
"966","COURSE_TECH","1651"
"526","COURSE_TECH","1651"
"965","COURSE_TECH","1651"
"521","COURSE_TECH","1651"
"964","COURSE_TECH","1651"
"530","COURSE_TECH","1651"
"967","COURSE_TECH","1651"
"963","COURSE_TECH","1651"
"973","COURSE_TECH","1651"
"968","COURSE_TECH","1651"
"1017","CAREER_TECH","1651"
"1018","CAREER_TECH","1651"
"991","CAREER_TECH","1651"
"119","COURSE_TECH","1652"
"120","COURSE_TECH","1652"
"657","COURSE_TECH","1652"
"658","COURSE_TECH","1652"
"994","CAREER_TECH","1652"
"663","COURSE_TECH","1653"
"663","COURSE_TECH","1654"
"693","COURSE_TECH","1655"
"671","COURSE_TECH","1655"
"1021","CAREER_TECH","1655"
"735","COURSE_TECH","1656"
"161","COURSE_TECH","1656"
"274","COURSE_TECH","1656"
"276","COURSE_TECH","1656"
"734","COURSE_TECH","1656"
"745","COURSE_TECH","1656"
"737","COURSE_TECH","1656"
"391","COURSE_TECH","1656"
"280","COURSE_TECH","1656"
"91","COURSE_TECH","1656"
"103","COURSE_TECH","1656"
"742","COURSE_TECH","1656"
"740","COURSE_TECH","1656"
"76","COURSE_TECH","1656"
"746","COURSE_TECH","1656"
"736","COURSE_TECH","1656"
"260","COURSE_TECH","1656"
"739","COURSE_TECH","1656"
"738","COURSE_TECH","1656"
"744","COURSE_TECH","1656"
"279","COURSE_TECH","1656"
"388","COURSE_TECH","1656"
"243","COURSE_TECH","1656"
"741","COURSE_TECH","1656"
"743","COURSE_TECH","1656"
"991","CAREER_TECH","1656"
"1012","CAREER_TECH","1656"
"1020","CAREER_TECH","1656"
"993","CAREER_TECH","1656"
"990","CAREER_TECH","1656"
"555","COURSE_TECH","1657"
"216","COURSE_TECH","1657"
"567","COURSE_TECH","1657"
"980","COURSE_TECH","1657"
"218","COURSE_TECH","1657"
"214","COURSE_TECH","1657"
"562","COURSE_TECH","1657"
"560","COURSE_TECH","1657"
"563","COURSE_TECH","1657"
"554","COURSE_TECH","1657"
"559","COURSE_TECH","1657"
"557","COURSE_TECH","1657"
"979","COURSE_TECH","1657"
"558","COURSE_TECH","1657"
"561","COURSE_TECH","1657"
"553","COURSE_TECH","1657"
"349","COURSE_TECH","1657"
"975","COURSE_TECH","1657"
"566","COURSE_TECH","1657"
"977","COURSE_TECH","1657"
"552","COURSE_TECH","1657"
"556","COURSE_TECH","1657"
"569","COURSE_TECH","1657"
"978","COURSE_TECH","1657"
"568","COURSE_TECH","1657"
"564","COURSE_TECH","1657"
"565","COURSE_TECH","1657"
"570","COURSE_TECH","1657"
"126","COURSE_TECH","1657"
"976","COURSE_TECH","1657"
"1002","CAREER_TECH","1657"
"356","COURSE_TECH","1658"
"981","COURSE_TECH","1658"
"983","COURSE_TECH","1658"
"355","COURSE_TECH","1658"
"353","COURSE_TECH","1658"
"354","COURSE_TECH","1658"
"1011","CAREER_TECH","1658"
"66","COURSE_TECH","1659"
"105","COURSE_TECH","1659"
"106","COURSE_TECH","1659"
"99","COURSE_TECH","1659"
"468","COURSE_TECH","1659"
"98","COURSE_TECH","1659"
"1011","CAREER_TECH","1659"
"161","COURSE_TECH","1660"
"68","COURSE_TECH","1660"
"1014","CAREER_TECH","1660"
"20","COURSE_TECH","1661"
"1023","CAREER_TECH","1661"
"481","COURSE_TECH","1662"
"100","COURSE_TECH","1662"
"485","COURSE_TECH","1662"
"76","COURSE_TECH","1662"
"1020","CAREER_TECH","1662"
"991","CAREER_TECH","1662"
"78","COURSE_TECH","1663"
"84","COURSE_TECH","1663"
"81","COURSE_TECH","1663"
"79","COURSE_TECH","1663"
"80","COURSE_TECH","1663"
"85","COURSE_TECH","1663"
"86","COURSE_TECH","1663"
"83","COURSE_TECH","1663"
"82","COURSE_TECH","1663"
"374","COURSE_TECH","1664"
"87","COURSE_TECH","1664"
"366","COURSE_TECH","1665"
"88","COURSE_TECH","1665"
"990","CAREER_TECH","1665"
"96","COURSE_TECH","1666"
"458","COURSE_TECH","1666"
"464","COURSE_TECH","1666"
"1008","CAREER_TECH","1666"
"1020","CAREER_TECH","1666"
"96","COURSE_TECH","1667"
"581","COURSE_TECH","1668"
"582","COURSE_TECH","1668"
"128","COURSE_TECH","1668"
"577","COURSE_TECH","1668"
"585","COURSE_TECH","1668"
"589","COURSE_TECH","1668"
"454","COURSE_TECH","1668"
"579","COURSE_TECH","1668"
"586","COURSE_TECH","1668"
"587","COURSE_TECH","1668"
"588","COURSE_TECH","1668"
"584","COURSE_TECH","1668"
"578","COURSE_TECH","1668"
"580","COURSE_TECH","1668"
"576","COURSE_TECH","1668"
"583","COURSE_TECH","1668"
"129","COURSE_TECH","1668"
"1014","CAREER_TECH","1668"
"1008","CAREER_TECH","1668"
"141","COURSE_TECH","1669"
"138","COURSE_TECH","1669"
"148","COURSE_TECH","1669"
"142","COURSE_TECH","1669"
"1014","CAREER_TECH","1669"
"141","COURSE_TECH","1670"
"235","COURSE_TECH","1670"
"141","COURSE_TECH","1671"
"277","COURSE_TECH","1672"
"275","COURSE_TECH","1672"
"142","COURSE_TECH","1672"
"1023","CAREER_TECH","1672"
"195","COURSE_TECH","1673"
"158","COURSE_TECH","1673"
"153","COURSE_TECH","1673"
"154","COURSE_TECH","1673"
"232","COURSE_TECH","1673"
"145","COURSE_TECH","1673"
"1013","CAREER_TECH","1673"
"145","COURSE_TECH","1674"
"766","COURSE_TECH","1675"
"150","COURSE_TECH","1675"
"764","COURSE_TECH","1675"
"232","COURSE_TECH","1676"
"345","COURSE_TECH","1676"
"235","COURSE_TECH","1676"
"152","COURSE_TECH","1676"
"803","COURSE_TECH","1676"
"1008","CAREER_TECH","1676"
"1012","CAREER_TECH","1676"
"1020","CAREER_TECH","1676"
"1013","CAREER_TECH","1676"
"169","COURSE_TECH","1677"
"995","CAREER_TECH","1677"
"174","COURSE_TECH","1678"
"195","COURSE_TECH","1679"
"176","COURSE_TECH","1679"
"467","COURSE_TECH","1679"
"459","COURSE_TECH","1679"
"457","COURSE_TECH","1679"
"1000","CAREER_TECH","1679"
"1012","CAREER_TECH","1679"
"1013","CAREER_TECH","1679"
"988","CAREER_TECH","1679"
"996","CAREER_TECH","1679"
"1008","CAREER_TECH","1679"
"178","COURSE_TECH","1680"
"788","COURSE_TECH","1681"
"994","CAREER_TECH","1681"
"182","COURSE_TECH","1682"
"218","COURSE_TECH","1683"
"724","COURSE_TECH","1683"
"230","COURSE_TECH","1683"
"219","COURSE_TECH","1683"
"190","COURSE_TECH","1683"
"233","COURSE_TECH","1683"
"1013","CAREER_TECH","1683"
"1007","CAREER_TECH","1683"
"1014","CAREER_TECH","1683"
"1000","CAREER_TECH","1683"
"297","COURSE_TECH","1684"
"194","COURSE_TECH","1684"
"198","COURSE_TECH","1685"
"202","COURSE_TECH","1686"
"1008","CAREER_TECH","1686"
"202","COURSE_TECH","1687"
"306","COURSE_TECH","1688"
"724","COURSE_TECH","1688"
"1008","CAREER_TECH","1688"
"227","COURSE_TECH","1689"
"245","COURSE_TECH","1690"
"244","COURSE_TECH","1690"
"271","COURSE_TECH","1691"
"287","COURSE_TECH","1692"
"287","COURSE_TECH","1693"
"293","COURSE_TECH","1694"
"292","COURSE_TECH","1694"
"295","COURSE_TECH","1695"
"295","COURSE_TECH","1696"
"300","COURSE_TECH","1696"
"296","COURSE_TECH","1697"
"297","COURSE_TECH","1698"
"998","CAREER_TECH","1698"
"1014","CAREER_TECH","1698"
"1017","CAREER_TECH","1698"
"300","COURSE_TECH","1699"
"1020","CAREER_TECH","1699"
"998","CAREER_TECH","1699"
"1017","CAREER_TECH","1699"
"999","CAREER_TECH","1699"
"1008","CAREER_TECH","1699"
"1012","CAREER_TECH","1699"
"1014","CAREER_TECH","1699"
"988","CAREER_TECH","1699"
"996","CAREER_TECH","1699"
"300","COURSE_TECH","1700"
"1011","CAREER_TECH","1700"
"339","COURSE_TECH","1701"
"346","COURSE_TECH","1701"
"334","COURSE_TECH","1701"
"341","COURSE_TECH","1701"
"335","COURSE_TECH","1701"
"343","COURSE_TECH","1701"
"338","COURSE_TECH","1701"
"340","COURSE_TECH","1701"
"337","COURSE_TECH","1701"
"336","COURSE_TECH","1701"
"344","COURSE_TECH","1701"
"342","COURSE_TECH","1701"
"350","COURSE_TECH","1702"
"1007","CAREER_TECH","1702"
"351","COURSE_TECH","1703"
"1007","CAREER_TECH","1703"
"352","COURSE_TECH","1704"
"1018","CAREER_TECH","1704"
"992","CAREER_TECH","1704"
"356","COURSE_TECH","1706"
"1007","CAREER_TECH","1706"
"362","COURSE_TECH","1707"
"362","COURSE_TECH","1708"
"995","CAREER_TECH","1708"
"395","COURSE_TECH","1709"
"381","COURSE_TECH","1709"
"376","COURSE_TECH","1709"
"393","COURSE_TECH","1709"
"390","COURSE_TECH","1709"
"383","COURSE_TECH","1709"
"375","COURSE_TECH","1709"
"392","COURSE_TECH","1709"
"385","COURSE_TECH","1709"
"384","COURSE_TECH","1709"
"388","COURSE_TECH","1709"
"379","COURSE_TECH","1709"
"386","COURSE_TECH","1709"
"391","COURSE_TECH","1709"
"382","COURSE_TECH","1709"
"380","COURSE_TECH","1709"
"389","COURSE_TECH","1709"
"378","COURSE_TECH","1709"
"394","COURSE_TECH","1709"
"387","COURSE_TECH","1709"
"377","COURSE_TECH","1709"
"401","COURSE_TECH","1710"
"402","COURSE_TECH","1711"
"408","COURSE_TECH","1712"
"424","COURSE_TECH","1713"
"428","COURSE_TECH","1714"
"1008","CAREER_TECH","1714"
"428","COURSE_TECH","1715"
"466","COURSE_TECH","1716"
"457","COURSE_TECH","1716"
"467","COURSE_TECH","1716"
"1020","CAREER_TECH","1716"
"469","COURSE_TECH","1717"
"995","CAREER_TECH","1717"
"996","CAREER_TECH","1717"
"470","COURSE_TECH","1718"
"473","COURSE_TECH","1719"
"474","COURSE_TECH","1720"
"998","CAREER_TECH","1720"
"481","COURSE_TECH","1721"
"475","COURSE_TECH","1721"
"258","COURSE_TECH","1722"
"1007","CAREER_TECH","1723"
"1014","CAREER_TECH","1723"
"988","CAREER_TECH","1723"
"988","CAREER_TECH","1724"
"988","CAREER_TECH","1725"
"989","CAREER_TECH","1726"
"990","CAREER_TECH","1727"
"991","CAREER_TECH","1728"
"992","CAREER_TECH","1728"
"1014","CAREER_TECH","1729"
"1012","CAREER_TECH","1729"
"1008","CAREER_TECH","1729"
"998","CAREER_TECH","1729"
"1004","CAREER_TECH","1729"
"1011","CAREER_TECH","1729"
"1020","CAREER_TECH","1729"
"1007","CAREER_TECH","1729"
"991","CAREER_TECH","1729"
"991","CAREER_TECH","1730"
"993","CAREER_TECH","1730"
"991","CAREER_TECH","1731"
"1020","CAREER_TECH","1732"
"1006","CAREER_TECH","1732"
"991","CAREER_TECH","1732"
"1011","CAREER_TECH","1732"
"991","CAREER_TECH","1733"
"991","CAREER_TECH","1734"
"994","CAREER_TECH","1734"
"991","CAREER_TECH","1735"
"991","CAREER_TECH","1736"
"991","CAREER_TECH","1737"
"991","CAREER_TECH","1738"
"1008","CAREER_TECH","1738"
"991","CAREER_TECH","1739"
"991","CAREER_TECH","1740"
"991","CAREER_TECH","1741"
"991","CAREER_TECH","1742"
"991","CAREER_TECH","1743"
"992","CAREER_TECH","1744"
"992","CAREER_TECH","1745"
"1007","CAREER_TOOL_ADVANCE","1746"
"993","CAREER_TECH","1746"
"1009","CAREER_TECH","1746"
"994","CAREER_TECH","1747"
"994","CAREER_TECH","1748"
"995","CAREER_TECH","1749"
"995","CAREER_TECH","1750"
"1015","CAREER_TECH","1750"
"1008","CAREER_TECH","1750"
"995","CAREER_TECH","1751"
"995","CAREER_TECH","1752"
"1015","CAREER_TECH","1753"
"995","CAREER_TECH","1753"
"996","CAREER_TECH","1754"
"998","CAREER_TECH","1755"
"998","CAREER_TECH","1756"
"998","CAREER_TECH","1757"
"1016","CAREER_TECH","1758"
"998","CAREER_TECH","1758"
"1017","CAREER_TECH","1758"
"999","CAREER_TECH","1759"
"998","CAREER_TECH","1759"
"998","CAREER_TECH","1760"
"999","CAREER_TECH","1760"
"998","CAREER_TECH","1761"
"1011","CAREER_TECH","1762"
"1020","CAREER_TECH","1762"
"998","CAREER_TECH","1762"
"1007","CAREER_TECH","1762"
"998","CAREER_TECH","1763"
"998","CAREER_TECH","1764"
"998","CAREER_TECH","1765"
"998","CAREER_TECH","1766"
"998","CAREER_TECH","1767"
"998","CAREER_TECH","1768"
"998","CAREER_TECH","1769"
"998","CAREER_TECH","1770"
"998","CAREER_TECH","1771"
"998","CAREER_TECH","1772"
"998","CAREER_TECH","1773"
"999","CAREER_TECH","1774"
"999","CAREER_TECH","1775"
"999","CAREER_TECH","1776"
"999","CAREER_TECH","1777"
"999","CAREER_TECH","1778"
"999","CAREER_TECH","1779"
"1001","CAREER_TECH","1780"
"1004","CAREER_TECH","1781"
"1004","CAREER_TECH","1782"
"1015","CAREER_TECH","1784"
"1006","CAREER_TECH","1784"
"1007","CAREER_TECH","1785"
"1007","CAREER_TECH","1786"
"1011","CAREER_TECH","1786"
"1009","CAREER_TECH","1786"
"1014","CAREER_TECH","1786"
"1007","CAREER_TECH","1787"
"1011","CAREER_TECH","1787"
"1007","CAREER_TECH","1788"
"1007","CAREER_TECH","1789"
"1007","CAREER_TECH","1790"
"1007","CAREER_TECH","1791"
"1007","CAREER_TECH","1792"
"1007","CAREER_TECH","1793"
"1007","CAREER_TECH","1794"
"1007","CAREER_TECH","1795"
"1007","CAREER_TECH","1796"
"1007","CAREER_TECH","1797"
"1007","CAREER_TECH","1798"
"1007","CAREER_TECH","1799"
"1007","CAREER_TECH","1800"
"1007","CAREER_TECH","1801"
"1007","CAREER_TECH","1802"
"1007","CAREER_TECH","1803"
"1007","CAREER_TECH","1804"
"1007","CAREER_TECH","1805"
"1007","CAREER_TECH","1806"
"1007","CAREER_TECH","1807"
"1007","CAREER_TECH","1808"
"1007","CAREER_TECH","1809"
"1008","CAREER_TECH","1810"
"1008","CAREER_TECH","1811"
"1008","CAREER_TECH","1812"
"1008","CAREER_TECH","1813"
"1008","CAREER_TECH","1814"
"1020","CAREER_TECH","1815"
"1008","CAREER_TECH","1815"
"1008","CAREER_TECH","1816"
"1008","CAREER_TECH","1817"
"1008","CAREER_TECH","1818"
"1008","CAREER_TECH","1819"
"1008","CAREER_TECH","1820"
"1008","CAREER_TECH","1821"
"1008","CAREER_TECH","1822"
"1008","CAREER_TECH","1823"
"1008","CAREER_TECH","1824"
"1012","CAREER_TECH","1825"
"1012","CAREER_TECH","1826"
"1013","CAREER_TECH","1827"
"1013","CAREER_TECH","1828"
"1014","CAREER_TECH","1828"
"1013","CAREER_TECH","1829"
"1014","CAREER_TECH","1830"
"1015","CAREER_TECH","1831"
"1015","CAREER_TECH","1832"
"1015","CAREER_TECH","1833"
"1015","CAREER_TECH","1834"
"1019","CAREER_TECH","1835"
"1020","CAREER_TECH","1836"
"1020","CAREER_TECH","1837"
"1020","CAREER_TECH","1838"
"1021","CAREER_TECH","1839"
"1021","CAREER_TECH","1840"
"1023","CAREER_TECH","1841"
