,0,1,2
0,816,FRAME_BASIC,1024
1,823,FRAME_BASIC,1024
2,822,FRAME_BASIC,1024
3,817,FRAME_BASIC,1024
4,818,FRAME_BASIC,1024
5,829,FRAME_ADVANCE,1024
6,826,FRAME_ADVANCE,1024
7,819,FRAME_ADVANCE,1024
8,827,FRAME_ADVANCE,1024
9,611,FRAME_ADVANCE,1024
10,825,FRAME_ADVANCE,1024
11,762,FRAME_BASIC,1025
12,227,FRAME_BASIC,1025
13,775,FRAME_BASIC,1025
14,764,FRAME_BASIC,1025
15,235,FRAME_BASIC,1025
16,813,FRAME_BASIC,1025
17,799,FRAME_BASIC,1025
18,793,FRAME_BASIC,1025
19,796,FRAME_BASIC,1025
20,1022,FRAME_BASIC,1025
21,405,FRAME_BASIC,1025
22,614,FRAME_ADVANCE,1025
23,767,FRAME_ADVANCE,1025
24,15,FRAME_ADVANCE,1025
25,771,FRAME_ADVANCE,1025
26,623,FRAME_ADVANCE,1025
27,613,FRAME_ADVANCE,1025
28,774,FRAME_ADVANCE,1025
29,628,FRAME_ADVANCE,1025
30,660,FRAME_ADVANCE,1025
31,240,FRAME_ADVANCE,1025
32,765,FRAME_ADVANCE,1025
33,773,FRAME_ADVANCE,1025
34,768,FRAME_ADVANCE,1025
35,234,FRAME_ADVANCE,1025
36,763,FRAME_ADVANCE,1025
37,617,FRAME_ADVANCE,1025
38,764,FRAME_ADVANCE,1025
39,770,FRAME_ADVANCE,1025
40,761,FRAME_ADVANCE,1025
41,772,FRAME_ADVANCE,1025
42,762,FRAME_ADVANCE,1025
43,612,FRAME_ADVANCE,1025
44,639,FRAME_ADVANCE,1026
45,132,FRAME_ADVANCE,1026
46,637,FRAME_ADVANCE,1026
47,638,FRAME_ADVANCE,1026
48,631,FRAME_ADVANCE,1027
49,116,FRAME_ADVANCE,1027
50,634,FRAME_ADVANCE,1028
51,640,FRAME_BASIC,1029
52,506,FRAME_BASIC,1029
53,504,FRAME_BASIC,1029
54,503,FRAME_BASIC,1029
55,515,FRAME_ADVANCE,1029
56,517,FRAME_ADVANCE,1029
57,520,FRAME_ADVANCE,1029
58,643,FRAME_ADVANCE,1029
59,647,FRAME_ADVANCE,1029
60,652,FRAME_ADVANCE,1029
61,506,FRAME_ADVANCE,1029
62,648,FRAME_ADVANCE,1029
63,512,FRAME_ADVANCE,1029
64,513,FRAME_ADVANCE,1029
65,645,FRAME_ADVANCE,1029
66,133,FRAME_ADVANCE,1029
67,649,FRAME_ADVANCE,1029
68,640,FRAME_ADVANCE,1029
69,630,FRAME_ADVANCE,1029
70,519,FRAME_ADVANCE,1029
71,504,FRAME_ADVANCE,1029
72,509,FRAME_ADVANCE,1029
73,644,FRAME_ADVANCE,1029
74,117,FRAME_ADVANCE,1029
75,646,FRAME_ADVANCE,1029
76,651,FRAME_ADVANCE,1029
77,641,FRAME_ADVANCE,1029
78,650,FRAME_ADVANCE,1029
79,26,FRAME_BASIC,1031
80,71,FRAME_BASIC,1031
81,794,FRAME_BASIC,1031
82,708,FRAME_BASIC,1032
83,614,FRAME_BASIC,1032
84,701,FRAME_BASIC,1032
85,616,FRAME_BASIC,1032
86,661,FRAME_ADVANCE,1032
87,702,FRAME_ADVANCE,1032
88,704,FRAME_ADVANCE,1032
89,659,FRAME_ADVANCE,1032
90,706,FRAME_ADVANCE,1032
91,705,FRAME_ADVANCE,1032
92,707,FRAME_ADVANCE,1032
93,697,FRAME_ADVANCE,1032
94,699,FRAME_ADVANCE,1032
95,698,FRAME_ADVANCE,1032
96,135,FRAME_BASIC,1033
97,804,FRAME_BASIC,1033
98,131,FRAME_BASIC,1033
99,1019,FRAME_ADVANCE,1033
100,669,FRAME_ADVANCE,1033
101,230,FRAME_ADVANCE,1033
102,668,FRAME_ADVANCE,1033
103,233,FRAME_ADVANCE,1033
104,802,FRAME_BASIC,1034
105,721,FRAME_BASIC,1034
106,767,FRAME_BASIC,1034
107,768,FRAME_BASIC,1034
108,846,FRAME_BASIC,1034
109,671,FRAME_BASIC,1034
110,766,FRAME_BASIC,1034
111,765,FRAME_BASIC,1034
112,674,FRAME_ADVANCE,1034
113,682,FRAME_ADVANCE,1034
114,1021,FRAME_ADVANCE,1034
115,679,FRAME_ADVANCE,1034
116,675,FRAME_ADVANCE,1034
117,672,FRAME_ADVANCE,1034
118,1018,FRAME_ADVANCE,1034
119,676,FRAME_ADVANCE,1034
120,607,FRAME_ADVANCE,1034
121,673,FRAME_ADVANCE,1034
122,677,FRAME_ADVANCE,1034
123,680,FRAME_ADVANCE,1034
124,693,FRAME_BASIC,1035
125,686,FRAME_BASIC,1035
126,687,FRAME_BASIC,1035
127,689,FRAME_BASIC,1035
128,695,FRAME_BASIC,1035
129,619,FRAME_BASIC,1035
130,688,FRAME_ADVANCE,1035
131,847,FRAME_BASIC,1037
132,715,FRAME_ADVANCE,1037
133,846,FRAME_ADVANCE,1037
134,844,FRAME_ADVANCE,1037
135,727,FRAME_BASIC,1038
136,729,FRAME_BASIC,1038
137,735,FRAME_BASIC,1039
138,743,FRAME_ADVANCE,1039
139,740,FRAME_ADVANCE,1039
140,744,FRAME_BASIC,1040
141,243,FRAME_BASIC,1040
142,743,FRAME_BASIC,1040
143,738,FRAME_ADVANCE,1040
144,741,FRAME_ADVANCE,1040
145,755,FRAME_BASIC,1041
146,758,FRAME_BASIC,1041
147,747,FRAME_BASIC,1041
148,757,FRAME_BASIC,1041
149,754,FRAME_BASIC,1041
150,756,FRAME_BASIC,1041
151,753,FRAME_ADVANCE,1041
152,749,FRAME_ADVANCE,1041
153,752,FRAME_ADVANCE,1041
154,759,FRAME_ADVANCE,1041
155,760,FRAME_ADVANCE,1041
156,751,FRAME_ADVANCE,1041
157,750,FRAME_ADVANCE,1041
158,748,FRAME_ADVANCE,1041
159,790,FRAME_ADVANCE,1042
160,806,FRAME_ADVANCE,1042
161,831,FRAME_BASIC,1043
162,837,FRAME_BASIC,1043
163,820,FRAME_BASIC,1043
164,838,FRAME_BASIC,1043
165,836,FRAME_BASIC,1043
166,834,FRAME_BASIC,1043
167,833,FRAME_BASIC,1043
168,839,FRAME_ADVANCE,1043
169,832,FRAME_ADVANCE,1043
170,694,FRAME_BASIC,1044
171,849,FRAME_BASIC,1044
172,857,FRAME_BASIC,1044
173,858,FRAME_BASIC,1044
174,848,FRAME_BASIC,1044
175,853,FRAME_BASIC,1044
176,854,FRAME_BASIC,1044
177,855,FRAME_BASIC,1044
178,850,FRAME_ADVANCE,1044
179,852,FRAME_ADVANCE,1044
180,851,FRAME_ADVANCE,1044
181,856,FRAME_ADVANCE,1044
182,618,FRAME_BASIC,1046
183,711,FRAME_BASIC,1046
184,690,FRAME_BASIC,1046
185,130,FRAME_ADVANCE,1050
186,97,FRAME_ADVANCE,1050
187,34,FRAME_BASIC,1051
188,42,FRAME_BASIC,1051
189,183,FRAME_BASIC,1053
190,706,FRAME_BASIC,1053
191,195,FRAME_BASIC,1053
192,989,FRAME_BASIC,1053
193,193,FRAME_ADVANCE,1053
194,183,FRAME_ADVANCE,1053
195,192,FRAME_ADVANCE,1053
196,1013,FRAME_BASIC,1054
197,214,FRAME_BASIC,1054
198,594,FRAME_BASIC,1054
199,213,FRAME_BASIC,1054
200,218,FRAME_BASIC,1054
201,1018,FRAME_BASIC,1054
202,219,FRAME_ADVANCE,1054
203,221,FRAME_ADVANCE,1054
204,299,FRAME_ADVANCE,1056
205,293,FRAME_ADVANCE,1056
206,303,FRAME_ADVANCE,1057
207,307,FRAME_ADVANCE,1057
208,308,FRAME_ADVANCE,1057
209,302,FRAME_ADVANCE,1057
210,305,FRAME_ADVANCE,1057
211,355,FRAME_ADVANCE,1058
212,354,FRAME_ADVANCE,1058
213,458,FRAME_ADVANCE,1059
214,571,FRAME_ADVANCE,1060
215,574,FRAME_ADVANCE,1060
216,626,FRAME_BASIC,1062
217,700,FRAME_BASIC,1065
218,31,FRAME_BASIC,1071
219,1844,FRAME_RELATED,1073
220,1835,FRAME_RELATED,1073
221,136,LANG_ADVANCE,1122
222,154,LANG_ADVANCE,1122
223,713,LANG_ADVANCE,1122
224,624,LANG_ADVANCE,1122
225,721,LANG_BASIC,1122
226,467,LANG_BASIC,1122
227,397,LANG_BASIC,1122
228,405,LANG_BASIC,1122
229,449,LANG_BASIC,1122
230,627,LANG_ADVANCE,1123
231,777,LANG_BASIC,1123
232,154,LANG_BASIC,1123
233,1052,LANG_RELATED,1123
234,1074,LANG_RELATED,1123
235,173,LANG_ADVANCE,1124
236,781,LANG_ADVANCE,1124
237,31,LANG_ADVANCE,1124
238,27,LANG_ADVANCE,1124
239,788,LANG_ADVANCE,1124
240,651,LANG_ADVANCE,1124
241,371,LANG_ADVANCE,1124
242,171,LANG_ADVANCE,1124
243,124,LANG_ADVANCE,1124
244,33,LANG_ADVANCE,1124
245,590,LANG_ADVANCE,1124
246,25,LANG_ADVANCE,1124
247,132,LANG_ADVANCE,1124
248,493,LANG_ADVANCE,1124
249,415,LANG_ADVANCE,1124
250,121,LANG_ADVANCE,1124
251,513,LANG_ADVANCE,1124
252,71,LANG_ADVANCE,1124
253,505,LANG_ADVANCE,1124
254,547,LANG_ADVANCE,1124
255,526,LANG_ADVANCE,1124
256,503,LANG_ADVANCE,1124
257,490,LANG_ADVANCE,1124
258,780,LANG_ADVANCE,1124
259,368,LANG_ADVANCE,1124
260,642,LANG_ADVANCE,1124
261,178,LANG_ADVANCE,1124
262,464,LANG_ADVANCE,1124
263,60,LANG_ADVANCE,1124
264,569,LANG_ADVANCE,1124
265,176,LANG_ADVANCE,1124
266,840,LANG_ADVANCE,1124
267,366,LANG_ADVANCE,1124
268,638,LANG_ADVANCE,1124
269,29,LANG_ADVANCE,1124
270,249,LANG_ADVANCE,1124
271,257,LANG_ADVANCE,1124
272,83,LANG_ADVANCE,1124
273,57,LANG_ADVANCE,1124
274,658,LANG_ADVANCE,1124
275,516,LANG_ADVANCE,1124
276,170,LANG_ADVANCE,1124
277,367,LANG_ADVANCE,1124
278,629,LANG_ADVANCE,1124
279,179,LANG_ADVANCE,1124
280,549,LANG_ADVANCE,1124
281,632,LANG_ADVANCE,1124
282,639,LANG_ADVANCE,1124
283,566,LANG_ADVANCE,1124
284,518,LANG_ADVANCE,1124
285,62,LANG_ADVANCE,1124
286,472,LANG_ADVANCE,1124
287,447,LANG_ADVANCE,1124
288,861,LANG_ADVANCE,1124
289,445,LANG_ADVANCE,1124
290,504,LANG_ADVANCE,1124
291,640,LANG_ADVANCE,1124
292,543,LANG_ADVANCE,1124
293,793,LANG_ADVANCE,1124
294,174,LANG_ADVANCE,1124
295,182,LANG_ADVANCE,1124
296,643,LANG_ADVANCE,1124
297,654,LANG_ADVANCE,1124
298,795,LANG_ADVANCE,1124
299,512,LANG_ADVANCE,1124
300,649,LANG_ADVANCE,1124
301,860,LANG_ADVANCE,1124
302,735,LANG_ADVANCE,1124
303,515,LANG_ADVANCE,1124
304,28,LANG_ADVANCE,1124
305,655,LANG_ADVANCE,1124
306,630,LANG_ADVANCE,1124
307,494,LANG_ADVANCE,1124
308,102,LANG_ADVANCE,1124
309,471,LANG_ADVANCE,1124
310,648,LANG_ADVANCE,1124
311,94,LANG_ADVANCE,1124
312,400,LANG_ADVANCE,1124
313,520,LANG_ADVANCE,1124
314,115,LANG_ADVANCE,1124
315,510,LANG_ADVANCE,1124
316,30,LANG_ADVANCE,1124
317,652,LANG_ADVANCE,1124
318,32,LANG_ADVANCE,1124
319,514,LANG_ADVANCE,1124
320,517,LANG_ADVANCE,1124
321,75,LANG_ADVANCE,1124
322,401,LANG_ADVANCE,1124
323,373,LANG_ADVANCE,1124
324,785,LANG_ADVANCE,1124
325,546,LANG_ADVANCE,1124
326,800,LANG_ADVANCE,1124
327,485,LANG_ADVANCE,1124
328,779,LANG_ADVANCE,1124
329,641,LANG_ADVANCE,1124
330,370,LANG_ADVANCE,1124
331,509,LANG_ADVANCE,1124
332,794,LANG_ADVANCE,1124
333,647,LANG_ADVANCE,1124
334,790,LANG_ADVANCE,1124
335,360,LANG_ADVANCE,1124
336,506,LANG_ADVANCE,1124
337,631,LANG_ADVANCE,1124
338,633,LANG_ADVANCE,1124
339,181,LANG_BASIC,1124
340,657,LANG_BASIC,1124
341,26,LANG_BASIC,1124
342,798,LANG_BASIC,1124
343,636,LANG_BASIC,1124
344,640,LANG_BASIC,1124
345,879,LANG_BASIC,1124
346,656,LANG_BASIC,1124
347,653,LANG_BASIC,1124
348,623,LANG_BASIC,1124
349,797,LANG_BASIC,1124
350,791,LANG_BASIC,1124
351,637,LANG_BASIC,1124
352,20,LANG_BASIC,1124
353,177,LANG_BASIC,1124
354,635,LANG_BASIC,1124
355,179,LANG_BASIC,1124
356,776,LANG_BASIC,1124
357,398,LANG_BASIC,1124
358,451,LANG_BASIC,1124
359,478,LANG_BASIC,1124
360,859,LANG_BASIC,1124
361,744,LANG_BASIC,1124
362,172,LANG_BASIC,1124
363,787,LANG_BASIC,1124
364,990,LANG_BASIC,1124
365,180,LANG_BASIC,1124
366,396,LANG_BASIC,1124
367,782,LANG_BASIC,1124
368,175,LANG_BASIC,1124
369,634,LANG_BASIC,1124
370,650,LANG_BASIC,1124
371,792,LANG_BASIC,1124
372,1388,LANG_RELATED,1124
373,1681,LANG_RELATED,1124
374,1067,LANG_RELATED,1124
375,1079,LANG_RELATED,1124
376,1642,LANG_RELATED,1124
377,1030,LANG_RELATED,1124
378,1047,LANG_RELATED,1124
379,1096,LANG_RELATED,1124
380,1071,LANG_RELATED,1124
381,1447,LANG_RELATED,1124
382,1710,LANG_RELATED,1124
383,1027,LANG_RELATED,1124
384,1084,LANG_RELATED,1124
385,1029,LANG_RELATED,1124
386,1086,LANG_RELATED,1124
387,1028,LANG_RELATED,1124
388,1462,LANG_RELATED,1124
389,1652,LANG_RELATED,1124
390,1380,LANG_RELATED,1124
391,1048,LANG_RELATED,1124
392,1045,LANG_RELATED,1124
393,1747,LANG_RELATED,1124
394,1382,LANG_RELATED,1124
395,1031,LANG_RELATED,1124
396,1101,LANG_RELATED,1124
397,1374,LANG_RELATED,1124
398,1099,LANG_RELATED,1124
399,140,LANG_ADVANCE,1125
400,842,LANG_ADVANCE,1125
401,703,LANG_ADVANCE,1125
402,146,LANG_ADVANCE,1125
403,850,LANG_ADVANCE,1125
404,139,LANG_ADVANCE,1125
405,138,LANG_ADVANCE,1125
406,144,LANG_ADVANCE,1125
407,843,LANG_ADVANCE,1125
408,677,LANG_ADVANCE,1125
409,54,LANG_ADVANCE,1125
410,620,LANG_ADVANCE,1125
411,622,LANG_ADVANCE,1125
412,690,LANG_ADVANCE,1125
413,845,LANG_ADVANCE,1125
414,852,LANG_ADVANCE,1125
415,691,LANG_ADVANCE,1125
416,571,LANG_ADVANCE,1125
417,851,LANG_ADVANCE,1125
418,717,LANG_ADVANCE,1125
419,809,LANG_ADVANCE,1125
420,844,LANG_ADVANCE,1125
421,688,LANG_ADVANCE,1125
422,847,LANG_ADVANCE,1125
423,720,LANG_ADVANCE,1125
424,18,LANG_ADVANCE,1125
425,598,LANG_ADVANCE,1125
426,692,LANG_ADVANCE,1125
427,145,LANG_ADVANCE,1125
428,142,LANG_ADVANCE,1125
429,708,LANG_BASIC,1125
430,651,LANG_BASIC,1125
431,835,LANG_BASIC,1125
432,849,LANG_BASIC,1125
433,707,LANG_BASIC,1125
434,723,LANG_BASIC,1125
435,619,LANG_BASIC,1125
436,833,LANG_BASIC,1125
437,710,LANG_BASIC,1125
438,716,LANG_BASIC,1125
439,718,LANG_BASIC,1125
440,679,LANG_BASIC,1125
441,685,LANG_BASIC,1125
442,684,LANG_BASIC,1125
443,693,LANG_BASIC,1125
444,1019,LANG_BASIC,1125
445,719,LANG_BASIC,1125
446,147,LANG_BASIC,1125
447,715,LANG_BASIC,1125
448,143,LANG_BASIC,1125
449,714,LANG_BASIC,1125
450,687,LANG_BASIC,1125
451,855,LANG_BASIC,1125
452,141,LANG_BASIC,1125
453,689,LANG_BASIC,1125
454,1088,LANG_RELATED,1125
455,1081,LANG_RELATED,1125
456,1102,LANG_RELATED,1125
457,1077,LANG_RELATED,1125
458,1435,LANG_RELATED,1125
459,1375,LANG_RELATED,1125
460,1070,LANG_RELATED,1125
461,1080,LANG_RELATED,1125
462,1043,LANG_RELATED,1125
463,1472,LANG_RELATED,1125
464,1037,LANG_RELATED,1125
465,1098,LANG_RELATED,1125
466,1637,LANG_RELATED,1125
467,1097,LANG_RELATED,1125
468,1089,LANG_RELATED,1125
469,1035,LANG_RELATED,1125
470,1062,LANG_RELATED,1125
471,1046,LANG_RELATED,1125
472,1060,LANG_RELATED,1125
473,1092,LANG_RELATED,1125
474,1032,LANG_RELATED,1125
475,1065,LANG_RELATED,1125
476,1034,LANG_RELATED,1125
477,1036,LANG_RELATED,1125
478,1072,LANG_RELATED,1125
479,1082,LANG_RELATED,1125
480,456,LANG_ADVANCE,1126
481,64,LANG_ADVANCE,1126
482,63,LANG_ADVANCE,1126
483,183,LANG_ADVANCE,1126
484,197,LANG_ADVANCE,1126
485,195,LANG_ADVANCE,1126
486,65,LANG_ADVANCE,1126
487,61,LANG_ADVANCE,1126
488,193,LANG_ADVANCE,1126
489,130,LANG_ADVANCE,1126
490,82,LANG_ADVANCE,1126
491,192,LANG_ADVANCE,1126
492,457,LANG_ADVANCE,1126
493,38,LANG_ADVANCE,1126
494,190,LANG_ADVANCE,1126
495,739,LANG_ADVANCE,1126
496,97,LANG_ADVANCE,1126
497,35,LANG_ADVANCE,1126
498,616,LANG_ADVANCE,1126
499,86,LANG_ADVANCE,1126
500,591,LANG_ADVANCE,1126
501,194,LANG_ADVANCE,1126
502,41,LANG_BASIC,1126
503,737,LANG_BASIC,1126
504,191,LANG_BASIC,1126
505,40,LANG_BASIC,1126
506,185,LANG_BASIC,1126
507,196,LANG_BASIC,1126
508,183,LANG_BASIC,1126
509,43,LANG_BASIC,1126
510,36,LANG_BASIC,1126
511,940,LANG_BASIC,1126
512,39,LANG_BASIC,1126
513,944,LANG_BASIC,1126
514,746,LANG_BASIC,1126
515,42,LANG_BASIC,1126
516,37,LANG_BASIC,1126
517,743,LANG_BASIC,1126
518,186,LANG_BASIC,1126
519,187,LANG_BASIC,1126
520,184,LANG_BASIC,1126
521,34,LANG_BASIC,1126
522,1040,LANG_RELATED,1126
523,1104,LANG_RELATED,1126
524,1697,LANG_RELATED,1126
525,1562,LANG_RELATED,1126
526,1474,LANG_RELATED,1126
527,1416,LANG_RELATED,1126
528,1505,LANG_RELATED,1126
529,1828,LANG_RELATED,1126
530,1392,LANG_RELATED,1126
531,1050,LANG_RELATED,1126
532,1093,LANG_RELATED,1126
533,1830,LANG_RELATED,1126
534,1078,LANG_RELATED,1126
535,1053,LANG_RELATED,1126
536,1395,LANG_RELATED,1126
537,1475,LANG_RELATED,1126
538,1845,LANG_RELATED,1126
539,1540,LANG_RELATED,1126
540,1083,LANG_RELATED,1126
541,1476,LANG_RELATED,1126
542,1437,LANG_RELATED,1126
543,227,LANG_ADVANCE,1127
544,819,LANG_ADVANCE,1127
545,397,LANG_ADVANCE,1127
546,405,LANG_ADVANCE,1127
547,233,LANG_ADVANCE,1127
548,231,LANG_ADVANCE,1127
549,234,LANG_ADVANCE,1127
550,230,LANG_ADVANCE,1127
551,235,LANG_ADVANCE,1127
552,229,LANG_ADVANCE,1127
553,241,LANG_ADVANCE,1127
554,228,LANG_ADVANCE,1127
555,820,LANG_ADVANCE,1127
556,818,LANG_ADVANCE,1127
557,817,LANG_BASIC,1127
558,231,LANG_BASIC,1127
559,829,LANG_BASIC,1127
560,822,LANG_BASIC,1127
561,347,LANG_BASIC,1127
562,364,LANG_BASIC,1127
563,826,LANG_BASIC,1127
564,816,LANG_BASIC,1127
565,827,LANG_BASIC,1127
566,1010,LANG_BASIC,1127
567,239,LANG_BASIC,1127
568,1394,LANG_RELATED,1127
569,1024,LANG_RELATED,1127
570,1095,LANG_RELATED,1127
571,1492,LANG_RELATED,1127
572,1832,LANG_RELATED,1127
573,1816,LANG_RELATED,1127
574,294,LANG_ADVANCE,1128
575,300,LANG_ADVANCE,1128
576,297,LANG_ADVANCE,1128
577,299,LANG_ADVANCE,1128
578,298,LANG_ADVANCE,1128
579,289,LANG_ADVANCE,1128
580,288,LANG_ADVANCE,1128
581,296,LANG_ADVANCE,1128
582,290,LANG_ADVANCE,1128
583,295,LANG_ADVANCE,1128
584,301,LANG_ADVANCE,1128
585,293,LANG_ADVANCE,1128
586,210,LANG_ADVANCE,1129
587,47,LANG_ADVANCE,1129
588,80,LANG_ADVANCE,1129
589,644,LANG_ADVANCE,1129
590,406,LANG_ADVANCE,1129
591,84,LANG_ADVANCE,1129
592,52,LANG_BASIC,1129
593,45,LANG_BASIC,1129
594,1399,LANG_RELATED,1129
595,1646,LANG_RELATED,1129
596,1041,LANG_RELATED,1129
597,1422,LANG_RELATED,1129
598,217,LANG_ADVANCE,1130
599,402,LANG_ADVANCE,1130
600,667,LANG_ADVANCE,1130
601,730,LANG_ADVANCE,1130
602,222,LANG_ADVANCE,1130
603,215,LANG_ADVANCE,1130
604,725,LANG_ADVANCE,1130
605,728,LANG_ADVANCE,1130
606,404,LANG_ADVANCE,1130
607,221,LANG_ADVANCE,1130
608,219,LANG_ADVANCE,1130
609,349,LANG_ADVANCE,1130
610,732,LANG_ADVANCE,1130
611,729,LANG_ADVANCE,1130
612,223,LANG_ADVANCE,1130
613,216,LANG_ADVANCE,1130
614,220,LANG_ADVANCE,1130
615,733,LANG_ADVANCE,1130
616,726,LANG_ADVANCE,1130
617,669,LANG_ADVANCE,1130
618,727,LANG_ADVANCE,1130
619,207,LANG_ADVANCE,1130
620,665,LANG_BASIC,1130
621,1013,LANG_BASIC,1130
622,1017,LANG_BASIC,1130
623,663,LANG_BASIC,1130
624,668,LANG_BASIC,1130
625,664,LANG_BASIC,1130
626,666,LANG_BASIC,1130
627,594,LANG_BASIC,1130
628,213,LANG_BASIC,1130
629,731,LANG_BASIC,1130
630,670,LANG_BASIC,1130
631,225,LANG_BASIC,1130
632,660,LANG_BASIC,1130
633,224,LANG_BASIC,1130
634,215,LANG_BASIC,1130
635,226,LANG_BASIC,1130
636,1057,LANG_RELATED,1130
637,1075,LANG_RELATED,1130
638,1055,LANG_RELATED,1130
639,1636,LANG_RELATED,1130
640,1076,LANG_RELATED,1130
641,1461,LANG_RELATED,1130
642,1054,LANG_RELATED,1130
643,1106,LANG_RELATED,1130
644,1073,LANG_RELATED,1130
645,1644,LANG_RELATED,1130
646,278,LANG_BASIC,1131
647,285,LANG_BASIC,1131
648,275,LANG_BASIC,1131
649,738,LANG_BASIC,1131
650,276,LANG_ADVANCE,1131
651,281,LANG_ADVANCE,1131
652,274,LANG_ADVANCE,1131
653,738,LANG_ADVANCE,1131
654,279,LANG_ADVANCE,1131
655,280,LANG_ADVANCE,1131
656,287,LANG_ADVANCE,1131
657,283,LANG_ADVANCE,1131
658,277,LANG_ADVANCE,1131
659,284,LANG_ADVANCE,1131
660,286,LANG_ADVANCE,1131
661,282,LANG_ADVANCE,1131
662,1639,LANG_RELATED,1132
663,1640,LANG_RELATED,1132
664,1449,LANG_RELATED,1132
665,1638,LANG_RELATED,1132
666,1423,LANG_RELATED,1132
667,332,LANG_BASIC,1132
668,810,LANG_BASIC,1132
669,813,LANG_BASIC,1132
670,814,LANG_BASIC,1132
671,801,LANG_BASIC,1132
672,809,LANG_BASIC,1132
673,804,LANG_BASIC,1132
674,328,LANG_BASIC,1132
675,803,LANG_ADVANCE,1132
676,801,LANG_ADVANCE,1132
677,806,LANG_ADVANCE,1132
678,807,LANG_ADVANCE,1132
679,812,LANG_ADVANCE,1132
680,805,LANG_ADVANCE,1132
681,808,LANG_ADVANCE,1132
682,811,LANG_ADVANCE,1132
683,802,LANG_ADVANCE,1132
684,333,LANG_ADVANCE,1132
685,331,LANG_ADVANCE,1132
686,330,LANG_ADVANCE,1132
687,815,LANG_ADVANCE,1132
688,329,LANG_ADVANCE,1132
689,362,LANG_ADVANCE,1133
690,67,LANG_ADVANCE,1133
691,70,LANG_ADVANCE,1133
692,363,LANG_ADVANCE,1133
693,545,LANG_ADVANCE,1133
694,160,LANG_ADVANCE,1133
695,541,LANG_ADVANCE,1133
696,21,LANG_ADVANCE,1133
697,444,LANG_ADVANCE,1133
698,534,LANG_ADVANCE,1133
699,532,LANG_ADVANCE,1133
700,159,LANG_ADVANCE,1133
701,69,LANG_ADVANCE,1133
702,23,LANG_ADVANCE,1133
703,9,LANG_ADVANCE,1133
704,24,LANG_ADVANCE,1133
705,162,LANG_ADVANCE,1133
706,531,LANG_ADVANCE,1133
707,393,LANG_ADVANCE,1133
708,542,LANG_ADVANCE,1133
709,379,LANG_ADVANCE,1133
710,68,LANG_ADVANCE,1133
711,169,LANG_ADVANCE,1133
712,527,LANG_ADVANCE,1133
713,165,LANG_ADVANCE,1133
714,536,LANG_ADVANCE,1133
715,168,LANG_ADVANCE,1133
716,167,LANG_ADVANCE,1133
717,1001,LANG_ADVANCE,1133
718,544,LANG_ADVANCE,1133
719,251,LANG_ADVANCE,1133
720,8,LANG_ADVANCE,1133
721,22,LANG_ADVANCE,1133
722,161,LANG_ADVANCE,1133
723,535,LANG_ADVANCE,1133
724,990,LANG_ADVANCE,1133
725,533,LANG_ADVANCE,1133
726,357,LANG_ADVANCE,1133
727,166,LANG_ADVANCE,1133
728,537,LANG_ADVANCE,1133
729,358,LANG_ADVANCE,1133
730,375,LANG_ADVANCE,1133
731,521,LANG_ADVANCE,1133
732,539,LANG_ADVANCE,1133
733,164,LANG_ADVANCE,1133
734,236,LANG_BASIC,1133
735,295,LANG_BASIC,1133
736,280,LANG_BASIC,1133
737,7,LANG_BASIC,1133
738,229,LANG_BASIC,1133
739,475,LANG_BASIC,1133
740,476,LANG_BASIC,1133
741,540,LANG_BASIC,1133
742,387,LANG_BASIC,1133
743,484,LANG_BASIC,1133
744,361,LANG_BASIC,1133
745,616,LANG_BASIC,1133
746,235,LANG_BASIC,1133
747,10,LANG_BASIC,1133
748,460,LANG_BASIC,1133
749,538,LANG_BASIC,1133
750,163,LANG_BASIC,1133
751,227,LANG_BASIC,1133
752,480,LANG_BASIC,1133
753,367,LANG_BASIC,1133
754,1009,LANG_BASIC,1133
755,365,LANG_BASIC,1133
756,1008,LANG_BASIC,1133
757,176,LANG_BASIC,1133
758,11,LANG_BASIC,1133
759,279,LANG_BASIC,1133
760,390,LANG_BASIC,1133
761,376,LANG_BASIC,1133
762,12,LANG_BASIC,1133
763,234,LANG_BASIC,1133
764,243,LANG_BASIC,1133
765,9,LANG_BASIC,1133
766,483,LANG_BASIC,1133
767,162,LANG_BASIC,1133
768,1066,LANG_RELATED,1133
769,1789,LANG_RELATED,1133
770,1425,LANG_RELATED,1133
771,1427,LANG_RELATED,1133
772,1721,LANG_RELATED,1133
773,1428,LANG_RELATED,1133
774,1485,LANG_RELATED,1133
775,1660,LANG_RELATED,1133
776,1708,LANG_RELATED,1133
777,1385,LANG_RELATED,1133
778,1506,LANG_RELATED,1133
779,1732,LANG_RELATED,1133
780,1426,LANG_RELATED,1133
781,561,LANG_ADVANCE,1134
782,127,LANG_ADVANCE,1134
783,46,LANG_ADVANCE,1134
784,49,LANG_ADVANCE,1134
785,553,LANG_ADVANCE,1134
786,570,LANG_ADVANCE,1134
787,201,LANG_ADVANCE,1134
788,48,LANG_ADVANCE,1134
789,51,LANG_ADVANCE,1134
790,50,LANG_ADVANCE,1134
791,552,LANG_ADVANCE,1134
792,593,LANG_BASIC,1134
793,406,LANG_BASIC,1134
794,44,LANG_BASIC,1134
795,55,LANG_BASIC,1134
796,1645,LANG_RELATED,1134
797,1635,LANG_RELATED,1134
798,1538,LANG_RELATED,1134
799,1556,LANG_RELATED,1134
800,1633,LANG_RELATED,1134
801,1620,LANG_RELATED,1134
802,1729,LANG_RELATED,1134
803,287,LANG_BASIC,1135
804,270,LANG_BASIC,1138
805,263,LANG_BASIC,1138
806,264,LANG_BASIC,1138
807,272,LANG_BASIC,1138
808,268,LANG_BASIC,1138
809,269,LANG_ADVANCE,1138
810,265,LANG_ADVANCE,1138
811,266,LANG_ADVANCE,1138
812,262,LANG_ADVANCE,1138
813,273,LANG_ADVANCE,1138
814,327,LANG_BASIC,1139
815,313,LANG_BASIC,1139
816,320,LANG_BASIC,1139
817,314,LANG_BASIC,1139
818,326,LANG_BASIC,1139
819,315,LANG_ADVANCE,1139
820,317,LANG_ADVANCE,1139
821,318,LANG_ADVANCE,1139
822,324,LANG_ADVANCE,1139
823,325,LANG_ADVANCE,1139
824,316,LANG_ADVANCE,1139
825,322,LANG_ADVANCE,1139
826,323,LANG_ADVANCE,1139
827,319,LANG_ADVANCE,1139
828,321,LANG_ADVANCE,1139
829,1846,LANG_RELATED,1140
830,1701,LANG_RELATED,1140
831,340,LANG_BASIC,1140
832,342,LANG_BASIC,1140
833,334,LANG_BASIC,1140
834,339,LANG_BASIC,1140
835,341,LANG_BASIC,1140
836,1007,LANG_BASIC,1140
837,346,LANG_ADVANCE,1140
838,338,LANG_ADVANCE,1140
839,336,LANG_ADVANCE,1140
840,344,LANG_ADVANCE,1140
841,335,LANG_ADVANCE,1140
842,343,LANG_ADVANCE,1140
843,337,LANG_ADVANCE,1140
844,419,LANG_ADVANCE,1141
845,420,LANG_ADVANCE,1141
846,423,LANG_ADVANCE,1141
847,487,LANG_ADVANCE,1141
848,421,LANG_ADVANCE,1141
849,418,LANG_ADVANCE,1141
850,1848,LANG_RELATED,1142
851,1827,LANG_RELATED,1142
852,575,LANG_ADVANCE,1143
853,429,LANG_BASIC,1144
854,596,LANG_BASIC,1144
855,595,LANG_ADVANCE,1144
856,1634,LANG_RELATED,1151
857,1467,LANG_RELATED,1153
858,1849,LANG_RELATED,1154
859,1094,LANG_RELATED,1158
860,1377,LANG_RELATED,1158
861,619,TOOL_BASIC,1372
862,721,TOOL_BASIC,1372
863,293,TOOL_BASIC,1372
864,706,TOOL_BASIC,1372
865,778,TOOL_BASIC,1372
866,247,TOOL_BASIC,1372
867,248,TOOL_BASIC,1372
868,858,TOOL_BASIC,1372
869,809,TOOL_BASIC,1372
870,711,TOOL_BASIC,1372
871,249,TOOL_BASIC,1372
872,252,TOOL_BASIC,1372
873,691,TOOL_BASIC,1372
874,715,TOOL_BASIC,1372
875,722,TOOL_BASIC,1372
876,854,TOOL_BASIC,1372
877,689,TOOL_BASIC,1372
878,690,TOOL_BASIC,1372
879,364,TOOL_BASIC,1372
880,718,TOOL_ADVANCE,1372
881,723,TOOL_ADVANCE,1372
882,620,TOOL_ADVANCE,1372
883,607,TOOL_ADVANCE,1372
884,614,TOOL_ADVANCE,1372
885,246,TOOL_ADVANCE,1372
886,778,TOOL_ADVANCE,1372
887,701,TOOL_ADVANCE,1372
888,250,TOOL_ADVANCE,1372
889,574,TOOL_ADVANCE,1372
890,619,TOOL_ADVANCE,1372
891,242,TOOL_ADVANCE,1372
892,608,TOOL_ADVANCE,1372
893,720,TOOL_ADVANCE,1372
894,296,TOOL_BASIC,1373
895,13,TOOL_BASIC,1373
896,594,TOOL_BASIC,1373
897,1009,TOOL_BASIC,1373
898,623,TOOL_BASIC,1373
899,299,TOOL_ADVANCE,1373
900,149,TOOL_ADVANCE,1373
901,176,TOOL_ADVANCE,1373
902,262,TOOL_BASIC,1374
903,32,TOOL_BASIC,1374
904,372,TOOL_BASIC,1374
905,359,TOOL_BASIC,1374
906,368,TOOL_BASIC,1374
907,490,TOOL_BASIC,1374
908,20,TOOL_ADVANCE,1374
909,56,TOOL_ADVANCE,1374
910,102,TOOL_ADVANCE,1374
911,788,TOOL_BASIC,1376
912,301,TOOL_BASIC,1376
913,625,TOOL_BASIC,1376
914,444,TOOL_BASIC,1376
915,606,TOOL_ADVANCE,1376
916,367,TOOL_ADVANCE,1376
917,166,TOOL_ADVANCE,1376
918,159,TOOL_ADVANCE,1376
919,624,TOOL_BASIC,1378
920,742,TOOL_ADVANCE,1380
921,1729,TOOL_RELATED,1384
922,221,TOOL_BASIC,1384
923,404,TOOL_BASIC,1384
924,822,TOOL_BASIC,1384
925,707,TOOL_BASIC,1384
926,732,TOOL_BASIC,1384
927,207,TOOL_BASIC,1384
928,670,TOOL_ADVANCE,1384
929,703,TOOL_ADVANCE,1384
930,199,TOOL_ADVANCE,1384
931,667,TOOL_ADVANCE,1384
932,220,TOOL_ADVANCE,1384
933,223,TOOL_ADVANCE,1384
934,457,TOOL_BASIC,1386
935,467,TOOL_BASIC,1386
936,464,TOOL_BASIC,1386
937,598,TOOL_BASIC,1386
938,714,TOOL_BASIC,1386
939,461,TOOL_BASIC,1386
940,666,TOOL_BASIC,1386
941,668,TOOL_BASIC,1386
942,465,TOOL_BASIC,1386
943,661,TOOL_BASIC,1386
944,661,TOOL_ADVANCE,1386
945,754,TOOL_BASIC,1387
946,758,TOOL_BASIC,1387
947,755,TOOL_BASIC,1387
948,752,TOOL_ADVANCE,1387
949,759,TOOL_ADVANCE,1387
950,748,TOOL_ADVANCE,1387
951,435,TOOL_BASIC,1389
952,438,TOOL_BASIC,1389
953,93,TOOL_BASIC,1389
954,816,TOOL_BASIC,1389
955,440,TOOL_BASIC,1389
956,434,TOOL_BASIC,1389
957,705,TOOL_BASIC,1389
958,436,TOOL_BASIC,1389
959,441,TOOL_BASIC,1389
960,704,TOOL_BASIC,1389
961,783,TOOL_BASIC,1389
962,439,TOOL_BASIC,1389
963,729,TOOL_BASIC,1389
964,862,TOOL_ADVANCE,1389
965,875,TOOL_BASIC,1390
966,877,TOOL_BASIC,1390
967,307,TOOL_BASIC,1390
968,871,TOOL_ADVANCE,1390
969,603,TOOL_ADVANCE,1390
970,605,TOOL_ADVANCE,1390
971,599,TOOL_ADVANCE,1390
972,878,TOOL_ADVANCE,1390
973,876,TOOL_ADVANCE,1390
974,874,TOOL_ADVANCE,1390
975,873,TOOL_ADVANCE,1390
976,872,TOOL_ADVANCE,1390
977,884,TOOL_BASIC,1391
978,886,TOOL_BASIC,1391
979,885,TOOL_BASIC,1391
980,887,TOOL_ADVANCE,1391
981,883,TOOL_ADVANCE,1391
982,899,TOOL_BASIC,1392
983,893,TOOL_BASIC,1392
984,894,TOOL_BASIC,1392
985,896,TOOL_BASIC,1392
986,901,TOOL_BASIC,1392
987,891,TOOL_BASIC,1392
988,898,TOOL_BASIC,1392
989,1008,TOOL_BASIC,1392
990,900,TOOL_BASIC,1392
991,897,TOOL_BASIC,1392
992,890,TOOL_BASIC,1392
993,888,TOOL_BASIC,1392
994,895,TOOL_BASIC,1392
995,889,TOOL_BASIC,1392
996,902,TOOL_ADVANCE,1392
997,597,TOOL_ADVANCE,1392
998,892,TOOL_ADVANCE,1392
999,904,TOOL_BASIC,1393
1000,910,TOOL_BASIC,1393
1001,913,TOOL_BASIC,1393
1002,915,TOOL_BASIC,1393
1003,903,TOOL_BASIC,1393
1004,912,TOOL_BASIC,1393
1005,907,TOOL_BASIC,1393
1006,916,TOOL_BASIC,1393
1007,412,TOOL_BASIC,1393
1008,414,TOOL_BASIC,1393
1009,914,TOOL_BASIC,1393
1010,908,TOOL_BASIC,1393
1011,906,TOOL_BASIC,1393
1012,911,TOOL_BASIC,1393
1013,905,TOOL_BASIC,1393
1014,726,TOOL_BASIC,1393
1015,409,TOOL_ADVANCE,1393
1016,917,TOOL_ADVANCE,1393
1017,903,TOOL_ADVANCE,1393
1018,909,TOOL_ADVANCE,1393
1019,930,TOOL_BASIC,1394
1020,926,TOOL_BASIC,1394
1021,939,TOOL_BASIC,1394
1022,932,TOOL_BASIC,1394
1023,933,TOOL_BASIC,1394
1024,927,TOOL_BASIC,1394
1025,762,TOOL_BASIC,1394
1026,935,TOOL_BASIC,1394
1027,936,TOOL_BASIC,1394
1028,931,TOOL_BASIC,1394
1029,937,TOOL_BASIC,1394
1030,929,TOOL_BASIC,1394
1031,934,TOOL_ADVANCE,1394
1032,1023,TOOL_ADVANCE,1394
1033,928,TOOL_ADVANCE,1394
1034,432,TOOL_ADVANCE,1394
1035,433,TOOL_ADVANCE,1394
1036,938,TOOL_ADVANCE,1394
1037,431,TOOL_ADVANCE,1394
1038,609,TOOL_ADVANCE,1394
1039,739,TOOL_BASIC,1395
1040,940,TOOL_BASIC,1395
1041,941,TOOL_BASIC,1395
1042,944,TOOL_BASIC,1395
1043,942,TOOL_ADVANCE,1395
1044,943,TOOL_ADVANCE,1395
1045,947,TOOL_BASIC,1396
1046,945,TOOL_BASIC,1396
1047,946,TOOL_BASIC,1396
1048,427,TOOL_BASIC,1396
1049,949,TOOL_ADVANCE,1396
1050,948,TOOL_ADVANCE,1396
1051,951,TOOL_BASIC,1397
1052,955,TOOL_BASIC,1397
1053,954,TOOL_BASIC,1397
1054,952,TOOL_BASIC,1397
1055,137,TOOL_BASIC,1397
1056,958,TOOL_BASIC,1397
1057,962,TOOL_BASIC,1397
1058,960,TOOL_BASIC,1397
1059,961,TOOL_BASIC,1397
1060,959,TOOL_BASIC,1397
1061,956,TOOL_BASIC,1397
1062,953,TOOL_BASIC,1397
1063,88,TOOL_ADVANCE,1397
1064,957,TOOL_ADVANCE,1397
1065,95,TOOL_ADVANCE,1397
1066,965,TOOL_BASIC,1398
1067,963,TOOL_BASIC,1398
1068,969,TOOL_BASIC,1398
1069,443,TOOL_BASIC,1398
1070,968,TOOL_BASIC,1398
1071,971,TOOL_BASIC,1398
1072,964,TOOL_BASIC,1398
1073,972,TOOL_BASIC,1398
1074,966,TOOL_BASIC,1398
1075,529,TOOL_BASIC,1398
1076,974,TOOL_BASIC,1398
1077,521,TOOL_ADVANCE,1398
1078,970,TOOL_ADVANCE,1398
1079,963,TOOL_ADVANCE,1398
1080,971,TOOL_ADVANCE,1398
1081,973,TOOL_ADVANCE,1398
1082,365,TOOL_ADVANCE,1398
1083,92,TOOL_ADVANCE,1398
1084,967,TOOL_ADVANCE,1398
1085,1,TOOL_BASIC,1399
1086,981,TOOL_BASIC,1399
1087,983,TOOL_BASIC,1399
1088,984,TOOL_BASIC,1399
1089,986,TOOL_BASIC,1399
1090,987,TOOL_BASIC,1399
1091,0,TOOL_BASIC,1399
1092,985,TOOL_BASIC,1399
1093,468,TOOL_ADVANCE,1399
1094,590,TOOL_ADVANCE,1399
1095,982,TOOL_ADVANCE,1399
1096,1732,TOOL_RELATED,1401
1097,484,TOOL_BASIC,1401
1098,8,TOOL_BASIC,1401
1099,538,TOOL_BASIC,1401
1100,9,TOOL_BASIC,1401
1101,10,TOOL_BASIC,1401
1102,7,TOOL_BASIC,1401
1103,11,TOOL_BASIC,1401
1104,480,TOOL_BASIC,1401
1105,12,TOOL_BASIC,1401
1106,24,TOOL_ADVANCE,1401
1107,8,TOOL_ADVANCE,1401
1108,536,TOOL_ADVANCE,1401
1109,358,TOOL_ADVANCE,1401
1110,724,TOOL_BASIC,1403
1111,610,TOOL_BASIC,1403
1112,355,TOOL_ADVANCE,1403
1113,89,TOOL_ADVANCE,1403
1114,66,TOOL_ADVANCE,1403
1115,371,TOOL_ADVANCE,1404
1116,369,TOOL_ADVANCE,1404
1117,256,TOOL_ADVANCE,1404
1118,259,TOOL_ADVANCE,1404
1119,255,TOOL_ADVANCE,1404
1120,258,TOOL_ADVANCE,1404
1121,31,TOOL_BASIC,1405
1122,94,TOOL_ADVANCE,1405
1123,109,TOOL_ADVANCE,1406
1124,503,TOOL_ADVANCE,1410
1125,738,TOOL_ADVANCE,1410
1126,280,TOOL_ADVANCE,1410
1127,276,TOOL_ADVANCE,1410
1128,103,TOOL_ADVANCE,1410
1129,279,TOOL_ADVANCE,1410
1130,506,TOOL_ADVANCE,1410
1131,284,TOOL_ADVANCE,1410
1132,274,TOOL_ADVANCE,1410
1133,1829,TOOL_RELATED,1414
1134,1832,TOOL_RELATED,1414
1135,540,TOOL_BASIC,1414
1136,489,TOOL_BASIC,1414
1137,227,TOOL_BASIC,1414
1138,616,TOOL_BASIC,1414
1139,236,TOOL_BASIC,1414
1140,839,TOOL_BASIC,1414
1141,347,TOOL_BASIC,1414
1142,405,TOOL_BASIC,1414
1143,234,TOOL_BASIC,1414
1144,295,TOOL_BASIC,1414
1145,824,TOOL_BASIC,1414
1146,185,TOOL_BASIC,1414
1147,161,TOOL_ADVANCE,1414
1148,537,TOOL_ADVANCE,1414
1149,235,TOOL_ADVANCE,1414
1150,158,TOOL_ADVANCE,1414
1151,623,TOOL_ADVANCE,1414
1152,237,TOOL_ADVANCE,1414
1153,238,TOOL_ADVANCE,1414
1154,163,TOOL_ADVANCE,1414
1155,541,TOOL_ADVANCE,1414
1156,483,TOOL_BASIC,1415
1157,481,TOOL_BASIC,1415
1158,542,TOOL_ADVANCE,1415
1159,533,TOOL_ADVANCE,1415
1160,534,TOOL_ADVANCE,1415
1161,160,TOOL_ADVANCE,1415
1162,165,TOOL_ADVANCE,1415
1163,169,TOOL_ADVANCE,1415
1164,531,TOOL_ADVANCE,1415
1165,393,TOOL_ADVANCE,1415
1166,527,TOOL_ADVANCE,1415
1167,535,TOOL_ADVANCE,1415
1168,532,TOOL_ADVANCE,1415
1169,357,TOOL_ADVANCE,1415
1170,214,TOOL_ADVANCE,1417
1171,218,TOOL_ADVANCE,1417
1172,561,TOOL_ADVANCE,1417
1173,564,TOOL_ADVANCE,1417
1174,570,TOOL_ADVANCE,1417
1175,552,TOOL_ADVANCE,1417
1176,349,TOOL_ADVANCE,1417
1177,562,TOOL_ADVANCE,1417
1178,287,TOOL_ADVANCE,1421
1179,286,TOOL_ADVANCE,1421
1180,281,TOOL_ADVANCE,1421
1181,1849,TOOL_RELATED,1422
1182,645,TOOL_BASIC,1422
1183,310,TOOL_BASIC,1422
1184,309,TOOL_ADVANCE,1422
1185,308,TOOL_ADVANCE,1422
1186,306,TOOL_ADVANCE,1422
1187,311,TOOL_ADVANCE,1422
1188,304,TOOL_ADVANCE,1422
1189,303,TOOL_ADVANCE,1422
1190,305,TOOL_ADVANCE,1422
1191,312,TOOL_ADVANCE,1422
1192,991,TOOL_BASIC,1427
1193,362,TOOL_ADVANCE,1427
1194,417,TOOL_ADVANCE,1431
1195,491,TOOL_ADVANCE,1431
1196,524,TOOL_ADVANCE,1431
1197,550,TOOL_ADVANCE,1431
1198,492,TOOL_ADVANCE,1431
1199,488,TOOL_ADVANCE,1431
1200,546,TOOL_ADVANCE,1431
1201,1837,TOOL_RELATED,1436
1202,458,TOOL_ADVANCE,1436
1203,486,TOOL_ADVANCE,1440
1204,497,TOOL_ADVANCE,1441
1205,495,TOOL_ADVANCE,1441
1206,498,TOOL_ADVANCE,1441
1207,496,TOOL_ADVANCE,1441
1208,961,TOOL_ADVANCE,1442
1209,953,TOOL_ADVANCE,1442
1210,523,TOOL_ADVANCE,1442
1211,553,TOOL_ADVANCE,1446
1212,572,TOOL_ADVANCE,1447
1213,881,TOOL_BASIC,1456
1214,879,TOOL_BASIC,1456
1215,882,TOOL_BASIC,1456
1216,880,TOOL_BASIC,1456
1217,737,TOOL_BASIC,1460
1218,921,TOOL_BASIC,1466
1219,920,TOOL_BASIC,1466
1220,923,TOOL_BASIC,1466
1221,924,TOOL_BASIC,1466
1222,918,TOOL_BASIC,1466
1223,919,TOOL_BASIC,1466
1224,925,TOOL_BASIC,1466
1225,922,TOOL_BASIC,1466
1226,6,TOOL_BASIC,1467
1227,3,TOOL_BASIC,1467
1228,2,TOOL_BASIC,1467
1229,5,TOOL_BASIC,1467
1230,4,TOOL_BASIC,1467
1231,57,TOOL_BASIC,1468
1232,58,TOOL_BASIC,1468
1233,125,TOOL_BASIC,1469
1234,157,TOOL_BASIC,1470
1235,145,TOOL_BASIC,1472
1236,455,TOOL_BASIC,1496
1237,476,TOOL_BASIC,1499
1238,1010,TOOL_ADVANCE,1521
1239,1707,TOOL_RELATED,1589
1240,360,TECH,1647
1241,638,TECH,1647
1242,122,TECH,1647
1243,641,TECH,1647
1244,75,TECH,1647
1245,637,TECH,1647
1246,108,TECH,1647
1247,118,TECH,1647
1248,264,TECH,1647
1249,110,TECH,1647
1250,643,TECH,1647
1251,107,TECH,1647
1252,111,TECH,1647
1253,74,TECH,1647
1254,510,TECH,1647
1255,512,TECH,1647
1256,508,TECH,1647
1257,359,TECH,1647
1258,504,TECH,1647
1259,121,TECH,1647
1260,73,TECH,1647
1261,259,TECH,1647
1262,506,TECH,1647
1263,256,TECH,1647
1264,651,TECH,1647
1265,503,TECH,1647
1266,254,TECH,1647
1267,112,TECH,1647
1268,509,TECH,1647
1269,630,TECH,1647
1270,784,TECH,1647
1271,505,TECH,1647
1272,507,TECH,1647
1273,511,TECH,1647
1274,257,TECH,1647
1275,262,TECH,1647
1276,114,TECH,1647
1277,656,TECH,1648
1278,644,TECH,1648
1279,180,TECH,1648
1280,123,TECH,1648
1281,398,TECH,1649
1282,646,TECH,1649
1283,231,TECH,1649
1284,397,TECH,1649
1285,416,TECH,1649
1286,396,TECH,1649
1287,179,TECH,1649
1288,406,TECH,1649
1289,400,TECH,1649
1290,399,TECH,1649
1291,1005,TECH,1649
1292,647,TECH,1650
1293,960,TECH,1651
1294,971,TECH,1651
1295,527,TECH,1651
1296,969,TECH,1651
1297,956,TECH,1651
1298,952,TECH,1651
1299,959,TECH,1651
1300,955,TECH,1651
1301,167,TECH,1651
1302,530,TECH,1651
1303,965,TECH,1651
1304,966,TECH,1651
1305,477,TECH,1651
1306,524,TECH,1651
1307,525,TECH,1651
1308,958,TECH,1651
1309,957,TECH,1651
1310,489,TECH,1651
1311,526,TECH,1651
1312,962,TECH,1651
1313,968,TECH,1651
1314,961,TECH,1651
1315,963,TECH,1651
1316,970,TECH,1651
1317,972,TECH,1651
1318,974,TECH,1651
1319,523,TECH,1651
1320,521,TECH,1651
1321,964,TECH,1651
1322,528,TECH,1651
1323,973,TECH,1651
1324,522,TECH,1651
1325,967,TECH,1651
1326,529,TECH,1651
1327,954,TECH,1651
1328,953,TECH,1651
1329,951,TECH,1651
1330,657,TECH,1652
1331,119,TECH,1652
1332,120,TECH,1652
1333,658,TECH,1652
1334,671,TECH,1655
1335,693,TECH,1655
1336,738,TECH,1656
1337,736,TECH,1656
1338,280,TECH,1656
1339,734,TECH,1656
1340,741,TECH,1656
1341,91,TECH,1656
1342,260,TECH,1656
1343,744,TECH,1656
1344,743,TECH,1656
1345,745,TECH,1656
1346,739,TECH,1656
1347,735,TECH,1656
1348,103,TECH,1656
1349,243,TECH,1656
1350,742,TECH,1656
1351,274,TECH,1656
1352,276,TECH,1656
1353,746,TECH,1656
1354,740,TECH,1656
1355,737,TECH,1656
1356,556,TECH,1657
1357,567,TECH,1657
1358,569,TECH,1657
1359,979,TECH,1657
1360,216,TECH,1657
1361,977,TECH,1657
1362,978,TECH,1657
1363,562,TECH,1657
1364,552,TECH,1657
1365,570,TECH,1657
1366,566,TECH,1657
1367,563,TECH,1657
1368,214,TECH,1657
1369,561,TECH,1657
1370,126,TECH,1657
1371,557,TECH,1657
1372,553,TECH,1657
1373,980,TECH,1657
1374,554,TECH,1657
1375,565,TECH,1657
1376,975,TECH,1657
1377,564,TECH,1657
1378,976,TECH,1657
1379,559,TECH,1657
1380,568,TECH,1657
1381,555,TECH,1657
1382,349,TECH,1657
1383,558,TECH,1657
1384,560,TECH,1657
1385,981,TECH,1658
1386,354,TECH,1658
1387,983,TECH,1658
1388,355,TECH,1658
1389,353,TECH,1658
1390,105,TECH,1659
1391,66,TECH,1659
1392,99,TECH,1659
1393,468,TECH,1659
1394,106,TECH,1659
1395,98,TECH,1659
1396,68,TECH,1660
1397,20,TECH,1661
1398,100,TECH,1662
1399,485,TECH,1662
1400,81,TECH,1663
1401,83,TECH,1663
1402,86,TECH,1663
1403,84,TECH,1663
1404,79,TECH,1663
1405,78,TECH,1663
1406,80,TECH,1663
1407,82,TECH,1663
1408,85,TECH,1663
1409,87,TECH,1664
1410,374,TECH,1664
1411,366,TECH,1665
1412,88,TECH,1665
1413,464,TECH,1666
1414,458,TECH,1666
1415,585,TECH,1668
1416,589,TECH,1668
1417,584,TECH,1668
1418,577,TECH,1668
1419,582,TECH,1668
1420,576,TECH,1668
1421,580,TECH,1668
1422,578,TECH,1668
1423,588,TECH,1668
1424,586,TECH,1668
1425,583,TECH,1668
1426,587,TECH,1668
1427,129,TECH,1668
1428,579,TECH,1668
1429,454,TECH,1668
1430,581,TECH,1668
1431,128,TECH,1668
1432,148,TECH,1669
1433,277,TECH,1672
1434,275,TECH,1672
1435,154,TECH,1673
1436,153,TECH,1673
1437,158,TECH,1673
1438,150,TECH,1675
1439,764,TECH,1675
1440,766,TECH,1675
1441,803,TECH,1676
1442,152,TECH,1676
1443,345,TECH,1676
1444,169,TECH,1677
1445,459,TECH,1679
1446,176,TECH,1679
1447,788,TECH,1681
1448,233,TECH,1683
1449,219,TECH,1683
1450,230,TECH,1683
1451,190,TECH,1683
1452,194,TECH,1684
1453,306,TECH,1688
1454,244,TECH,1690
1455,245,TECH,1690
1456,293,TECH,1694
1457,292,TECH,1694
1458,336,TECH,1701
1459,346,TECH,1701
1460,334,TECH,1701
1461,344,TECH,1701
1462,338,TECH,1701
1463,339,TECH,1701
1464,341,TECH,1701
1465,342,TECH,1701
1466,337,TECH,1701
1467,343,TECH,1701
1468,340,TECH,1701
1469,335,TECH,1701
1470,350,TECH,1702
1471,351,TECH,1703
1472,352,TECH,1704
1473,389,TECH,1709
1474,375,TECH,1709
1475,390,TECH,1709
1476,379,TECH,1709
1477,392,TECH,1709
1478,381,TECH,1709
1479,394,TECH,1709
1480,382,TECH,1709
1481,383,TECH,1709
1482,376,TECH,1709
1483,380,TECH,1709
1484,384,TECH,1709
1485,377,TECH,1709
1486,387,TECH,1709
1487,378,TECH,1709
1488,393,TECH,1709
1489,395,TECH,1709
1490,385,TECH,1709
1491,386,TECH,1709
1492,466,TECH,1716
1493,469,TECH,1717
1494,474,TECH,1720
1495,475,TECH,1721
1496,1016,TECH,1758
